-- phpMyAdmin SQL Dump
-- version 4.0.10.20
-- https://www.phpmyadmin.net
--
-- Host: 192.168.137.100
-- Generation Time: Nov 12, 2019 at 08:35 AM
-- Server version: 5.5.43-log
-- PHP Version: 5.3.3

SET SQL_MODE = "NO_AUTO_VALUE_ON_ZERO";
SET time_zone = "+00:00";


/*!40101 SET @OLD_CHARACTER_SET_CLIENT=@@CHARACTER_SET_CLIENT */;
/*!40101 SET @OLD_CHARACTER_SET_RESULTS=@@CHARACTER_SET_RESULTS */;
/*!40101 SET @OLD_COLLATION_CONNECTION=@@COLLATION_CONNECTION */;
/*!40101 SET NAMES utf8 */;

--
-- Database: `db1107101_tasks`
--
CREATE DATABASE IF NOT EXISTS `db1107101_tasks` DEFAULT CHARACTER SET cp1251 COLLATE cp1251_general_ci;
USE `db1107101_tasks`;

-- --------------------------------------------------------

--
-- Table structure for table `city`
--

CREATE TABLE IF NOT EXISTS `city` (
  `id` int(11) NOT NULL AUTO_INCREMENT,
  `name` varchar(50) CHARACTER SET utf8 NOT NULL,
  `map_left` int(11) DEFAULT '0',
  `map_top` int(11) DEFAULT '0',
  `is_deleted` tinyint(1) NOT NULL DEFAULT '0',
  PRIMARY KEY (`id`)
) ENGINE=InnoDB  DEFAULT CHARSET=cp1251 AUTO_INCREMENT=58 ;

--
-- Dumping data for table `city`
--

INSERT INTO `city` (`id`, `name`, `map_left`, `map_top`, `is_deleted`) VALUES
(1, 'Москва', 15, 40, 0),
(2, 'Брянск', 10, 40, 0),
(3, 'Ульяновск', 18, 52, 0),
(4, 'Казань', 19, 50, 0),
(5, 'Иваново', 17, 42, 0),
(6, 'Владимир', 16, 43, 0),
(7, 'Рязань', 15, 44, 0),
(8, 'Ярославль', 17, 39, 0),
(9, 'Кострома', 18, 40, 0),
(10, 'Тверь', 16, 38, 0),
(11, 'Тула', 14, 43, 0),
(12, 'Калуга', 13, 40, 0),
(13, 'Смоленск', 11, 37, 0),
(14, 'Орёл', 11, 43, 0),
(15, 'Курск', 9, 44, 0),
(16, 'Белгород', 8, 46, 0),
(17, 'Воронеж', 11, 48, 0),
(18, 'Липецк', 12, 46, 0),
(19, 'Тамбов', 13, 48, 0),
(20, 'Пенза', 15, 50, 0),
(21, 'Саранск', 17, 49, 0),
(22, 'Самара', 18, 56, 0),
(23, 'Волгоград', 11, 58, 0),
(24, 'Астрахань', 11, 66, 0),
(25, 'Краснодар', 4, 57, 0),
(26, 'Ростов-на-Дону', 6, 56, 0),
(27, 'Уфа', 24, 58, 0),
(28, 'Челябинск', 27, 61, 0),
(29, 'Екатеринбург', 28, 59, 0),
(30, 'Тюмень', 31, 60, 0),
(31, 'Сургут', 39, 53, 0),
(32, 'Омск', 36, 68, 0),
(33, 'Санкт-Петербург', 16, 27, 0),
(34, 'Псков', 13, 28, 0),
(35, 'Барнаул', 43, 76, 0),
(36, 'Хабаровск', 84, 78, 0),
(37, 'Владивосток', 85, 92, 0),
(38, 'Петрозаводск', 19, 28, 0),
(39, 'Пермь', 26, 51, 0),
(40, 'Киров', 23, 45, 0),
(41, 'Калининград', 7, 23, 0),
(42, 'Оренбург', 20, 55, 0),
(43, 'Нижний Новгород', 0, 0, 0),
(44, 'Саратов', 0, 0, 0),
(45, 'Красноярск', 0, 0, 0),
(46, 'Новосибирск', 0, 0, 0),
(47, 'Набережные Челны', 0, 0, 0),
(48, 'Кемерово', 0, 0, 0),
(49, 'Томск', 0, 0, 0),
(50, 'Чебоксары', 0, 0, 0),
(51, 'Тольятти', 0, 0, 0),
(52, 'Ногинск', 0, 0, 0),
(53, 'Ижевск', 0, 0, 0),
(54, 'Баку', 0, 0, 0),
(55, 'Пятигорск', 0, 0, 0),
(56, 'Ставрополь', 0, 0, 0),
(57, 'Архангельск', 0, 0, 0);

-- --------------------------------------------------------

--
-- Table structure for table `event`
--

CREATE TABLE IF NOT EXISTS `event` (
  `id` int(11) NOT NULL AUTO_INCREMENT,
  `title` varchar(255) NOT NULL,
  `date` date DEFAULT NULL,
  `type_id` int(11) NOT NULL,
  `type_custom` varchar(100) DEFAULT NULL,
  `category_id` int(11) NOT NULL,
  `city_id` int(11) NOT NULL,
  `presence` int(10) unsigned DEFAULT NULL,
  `presence_comment` varchar(200) DEFAULT NULL,
  `updated_on` bigint(20) DEFAULT NULL,
  `is_deleted` tinyint(1) NOT NULL DEFAULT '0',
  `is_cancel` tinyint(1) NOT NULL DEFAULT '0',
  PRIMARY KEY (`id`),
  KEY `city_id` (`city_id`),
  KEY `section` (`category_id`),
  KEY `type_id` (`type_id`)
) ENGINE=InnoDB  DEFAULT CHARSET=utf8 COMMENT='Таблица с основной информацией о событиях' AUTO_INCREMENT=135 ;

--
-- Dumping data for table `event`
--

INSERT INTO `event` (`id`, `title`, `date`, `type_id`, `type_custom`, `category_id`, `city_id`, `presence`, `presence_comment`, `updated_on`, `is_deleted`, `is_cancel`) VALUES
(1, 'Тестовое событие', '2019-04-25', 1, NULL, 2, 1, NULL, NULL, NULL, 0, 1),
(2, 'Вебинар', '2019-05-04', 2, NULL, 1, 1, NULL, NULL, 1558359134, 0, 1),
(3, 'Анджелини', '2019-05-18', 2, NULL, 1, 1, NULL, NULL, 1557314607, 0, 0),
(4, 'Актуальные вопросы педиатрии', '2019-05-18', 1, NULL, 1, 30, 169, '', 1565781077, 0, 0),
(5, 'Актуальные вопросы педиатрии', '2019-05-19', 1, NULL, 1, 31, 186, '', 1565781047, 0, 0),
(6, 'LGG', '2019-05-05', 3, NULL, 1, 1, NULL, NULL, NULL, 0, 1),
(7, 'Роль витамина Д в эндокринологии', '2019-06-01', 3, NULL, 1, 33, 54, '', 1565780718, 0, 0),
(8, 'Санья Колачек.', '2019-05-23', 3, NULL, 1, 1, 98, '', 1565781017, 0, 0),
(9, 'Юбилейной научно-практической конференции «Актуальные вопросы педиатрии»', '2019-05-25', 1, NULL, 1, 1, 275, '', 1565780876, 0, 0),
(10, 'Актуальные вопросы педиатрии', '2019-05-26', 1, NULL, 1, 4, 27, '', 1565780806, 0, 0),
(11, 'СИРАНО', '2019-05-25', 1, NULL, 2, 31, 160, '', 1565780952, 0, 0),
(12, 'СИРАНО', '2019-05-26', 1, NULL, 2, 30, 89, '', 1565780822, 0, 0),
(13, 'LGG', '2019-05-26', 3, NULL, 4, 1, NULL, NULL, 1565775211, 0, 0),
(14, 'LGG', '2019-06-23', 5, NULL, 4, 1, NULL, NULL, 1559724175, 1, 0),
(15, 'Банкет', '2019-05-31', 5, 'БАНКЕТ', 3, 1, 325, '', 1565780767, 0, 0),
(16, 'СИРАНО', '2019-04-27', 1, NULL, 2, 32, 96, '', 1565781130, 0, 0),
(17, 'Юбилей Яцык', '2019-05-17', 5, NULL, 3, 1, NULL, NULL, 1557840800, 0, 0),
(18, 'LGG Недостаточность питания у детей: насколько стоит волноваться педиатру?', '2019-06-23', 5, NULL, 4, 1, NULL, NULL, 1560849364, 0, 0),
(19, 'LGG', '2019-08-31', 5, 'АКРИХИН', 4, 1, NULL, NULL, 1560846149, 1, 0),
(20, 'Кожа как индикатор здоровья ребенка (ДЗМ)', '2019-09-01', 6, NULL, 3, 1, NULL, NULL, 1567162905, 0, 0),
(21, 'Новые области применения витамина D в педиатрической практике (РМАНПО)', '2019-09-05', 6, NULL, 3, 1, NULL, NULL, 1559650126, 1, 0),
(22, 'Вебинар', '2019-09-07', 2, '', 1, 1, NULL, NULL, 1564995128, 0, 0),
(23, 'Витамин D: современные представления', '2019-09-12', 6, NULL, 3, 1, NULL, NULL, 1568116329, 0, 0),
(24, 'Вебинар-Дельтамедикел', '2019-09-14', 2, NULL, 2, 1, NULL, NULL, 1560846386, 0, 0),
(25, 'Конференция', '2019-09-14', 1, '', 1, 49, NULL, NULL, 1568038944, 0, 0),
(26, 'Конференция', '2019-09-14', 1, '', 2, 48, NULL, NULL, 1568038154, 0, 0),
(27, 'Конференция', '2019-09-15', 1, '', 1, 48, NULL, NULL, 1568038179, 0, 0),
(28, 'Конференция', '2019-09-15', 1, '', 2, 49, NULL, NULL, 1568038910, 0, 0),
(29, 'Вебинар - Акрихин Вит Д', '2019-09-21', 2, '', 1, 1, NULL, NULL, 1560849445, 0, 0),
(30, 'Конференция', '2019-09-21', 1, '', 1, 26, NULL, NULL, 1568640830, 0, 0),
(31, 'Конференция', '2019-09-21', 1, '', 2, 25, NULL, NULL, 1568805860, 0, 0),
(32, 'Конференция', '2019-09-22', 1, '', 1, 25, NULL, NULL, 1568639426, 0, 0),
(33, 'Конференция', '2019-09-22', 1, '', 2, 26, NULL, NULL, 1568640844, 0, 0),
(34, 'Вебинар - Дельтамедикел', '2019-09-28', 2, '', 2, 1, NULL, NULL, 1567420528, 0, 0),
(35, 'РМАПО', '2019-09-28', 6, NULL, 3, 1, NULL, NULL, 1569337265, 0, 0),
(36, 'LGG', '2019-09-29', 5, 'АКРИХИН', 4, 1, NULL, NULL, 1569336776, 0, 0),
(37, 'Вебинар', '2019-10-05', 2, '', 1, 1, NULL, NULL, NULL, 0, 0),
(38, 'Конференция', '2019-10-05', 1, '', 1, 18, NULL, NULL, 1569854143, 0, 0),
(39, 'Конференция', '2019-10-05', 1, '', 2, 17, NULL, NULL, 1570008157, 0, 0),
(40, 'Конференция', '2019-10-06', 1, '', 1, 17, NULL, NULL, 1569853984, 0, 0),
(41, 'Конференция', '2019-10-06', 1, '', 2, 18, NULL, NULL, 1569854235, 0, 0),
(42, 'Дельтамедикел Шаевска', '2019-10-08', 6, '', 3, 1, NULL, NULL, 1569842190, 0, 0),
(43, 'Хорхе ДЗМ', '2019-10-10', 6, NULL, 3, 1, NULL, NULL, 1570461148, 0, 0),
(44, 'Вебинар', '2019-10-12', 2, '', 2, 1, NULL, NULL, NULL, 0, 0),
(45, 'Конференция', '2019-10-12', 1, '', 1, 50, NULL, NULL, 1570462784, 0, 0),
(46, 'Конференция', '2019-10-12', 1, NULL, 2, 4, NULL, NULL, 1570461497, 0, 0),
(47, 'Конференция', '2019-10-13', 1, '', 1, 4, NULL, NULL, 1570461530, 0, 0),
(48, 'Конференция', '2019-10-27', 1, NULL, 2, 50, NULL, NULL, 1566898033, 1, 0),
(49, 'Вебинар', '2019-10-19', 2, NULL, 1, 1, NULL, NULL, 1559640239, 0, 0),
(50, 'Конференция', '2019-10-26', 6, '', 3, 1, NULL, NULL, 1560857867, 1, 0),
(51, 'Вебинар', '2019-10-26', 2, '', 2, 1, NULL, NULL, NULL, 0, 0),
(52, 'LGG', '2019-10-27', 5, '', 4, 1, NULL, NULL, 1571842066, 0, 0),
(53, 'Кесарево сечение', '2019-11-01', 6, NULL, 3, 1, NULL, NULL, 1559725453, 1, 0),
(54, 'Вебинар', '2019-11-02', 2, '', 1, 1, NULL, NULL, 1568893194, 0, 0),
(55, 'Питание Здорового ребенка', '2019-11-08', 6, NULL, 3, 1, NULL, NULL, 1572525772, 0, 0),
(56, 'Вебинар', '2019-11-09', 2, '', 2, 1, NULL, NULL, NULL, 0, 0),
(57, 'Конференция', '2019-11-09', 1, '', 1, 39, NULL, NULL, 1571927281, 0, 0),
(58, 'Конференция', '2019-11-09', 1, '', 2, 40, NULL, NULL, 1572942108, 0, 0),
(59, 'Конференция', '2019-11-10', 1, '', 1, 40, NULL, NULL, 1572358364, 0, 0),
(60, 'Конференция', '2019-11-10', 1, '', 2, 39, NULL, NULL, 1571927373, 0, 0),
(61, 'Вебинар', '2019-11-16', 2, '', 1, 1, NULL, NULL, NULL, 0, 0),
(62, 'Конференция', '2019-11-16', 1, '', 1, 51, NULL, NULL, 1573479301, 0, 0),
(63, 'Конференция', '2019-11-16', 1, '', 2, 22, NULL, NULL, 1573484113, 0, 0),
(64, 'Конференция', '2019-11-17', 1, '', 1, 22, NULL, NULL, 1573481985, 0, 0),
(65, 'Конференция', '2019-11-17', 1, '', 2, 51, NULL, NULL, 1573479344, 0, 0),
(66, 'Конференция', '2019-11-24', 1, NULL, 1, 52, NULL, NULL, 1573484158, 0, 0),
(67, 'Вебинар', '2019-11-23', 2, '', 2, 1, NULL, NULL, NULL, 0, 0),
(68, 'LGG', '2019-11-24', 5, 'АКРИХИН', 4, 1, NULL, NULL, 1560860088, 0, 0),
(69, 'Конференция', '2019-11-29', 1, '', 1, 10, NULL, NULL, 1573132680, 0, 0),
(70, 'Конференция', '2019-11-30', 1, '', 1, 33, NULL, NULL, 1573132698, 0, 0),
(71, 'Вебинар Акрихин', '2019-11-30', 2, NULL, 1, 1, NULL, NULL, 1560860607, 0, 0),
(72, 'Конференция', '2019-11-30', 1, '', 2, 10, NULL, NULL, 1571992269, 0, 0),
(73, 'Конференция', '2019-12-01', 1, '', 2, 33, NULL, NULL, 1573132723, 0, 0),
(74, 'Ожирение', '2019-12-01', 6, NULL, 3, 1, NULL, NULL, 1565610285, 1, 0),
(75, 'Книга РМАНПО', '2019-12-01', 5, 'Книга РМАНПО', 3, 1, NULL, NULL, 1561451550, 0, 0),
(76, 'Респираторные инфекции', '2019-12-05', 6, NULL, 3, 1, NULL, NULL, 1573124470, 0, 0),
(77, 'Вебинар', '2019-12-07', 2, '', 2, 1, NULL, NULL, NULL, 0, 0),
(78, 'Конференция', '2019-12-07', 1, '', 1, 7, NULL, NULL, 1573132746, 0, 0),
(79, 'Конференция', '2019-12-07', 1, '', 2, 11, NULL, NULL, 1571992685, 0, 0),
(80, 'Конференция', '2019-12-08', 1, '', 1, 11, NULL, NULL, 1573132769, 0, 0),
(81, 'Конференция', '2019-12-08', 1, '', 2, 7, NULL, NULL, 1571992706, 0, 0),
(82, 'Вебинар', '2019-12-14', 2, '', 1, 1, NULL, NULL, NULL, 0, 0),
(83, 'Конференция', '2019-12-04', 1, NULL, 1, 53, NULL, NULL, 1571994508, 0, 0),
(84, 'Конференция', '2019-12-14', 1, '', 2, 20, NULL, NULL, 1571834242, 0, 0),
(85, 'Конференция', '2019-11-14', 1, NULL, 1, 3, NULL, NULL, 1573478869, 0, 0),
(86, 'Конференция', '2019-12-15', 1, '', 2, 21, NULL, NULL, 1571834270, 0, 0),
(87, 'Вебинар', '2019-12-23', 2, '', 2, 1, NULL, NULL, NULL, 0, 0),
(88, 'LGG', '2019-12-08', 5, '', 4, 1, NULL, NULL, 1560864511, 0, 0),
(89, 'Ожирение', '0001-11-19', 6, '', 3, 1, NULL, NULL, NULL, 0, 0),
(90, 'Когнитивные нарушения', '2019-11-16', 1, NULL, 5, 27, NULL, NULL, 1573481947, 0, 0),
(91, 'Когнитивные нарушения', '2019-10-20', 1, NULL, 5, 47, NULL, NULL, 1568891754, 0, 0),
(92, 'Когнитивные нарушения', '2019-11-09', 1, NULL, 5, 26, NULL, NULL, 1572598212, 0, 0),
(93, 'Когнитивные нарушения', '2019-11-10', 1, '', 5, 25, NULL, NULL, 1572598144, 0, 0),
(94, 'Когнитивные нарушения', '2019-12-08', 1, NULL, 5, 43, NULL, NULL, 1572251032, 0, 0),
(95, 'Когнитивные нарушения', '2019-12-07', 1, '', 5, 8, NULL, NULL, 1561109537, 0, 0),
(96, 'Хирурги', '2015-11-19', 6, '', 3, 1, NULL, NULL, NULL, 0, 0),
(97, 'Хирурги', '2019-11-15', 6, '', 3, 1, NULL, NULL, 1572956569, 0, 0),
(98, 'Хирургия', '2019-11-15', 1, 'Конференция', 3, 1, NULL, NULL, 1564490486, 1, 0),
(99, 'LGG', '2019-11-10', 5, 'Акрихин', 4, 1, NULL, NULL, 1572525919, 0, 0),
(100, 'Мастер-класс Астеллас', '2019-12-10', 5, NULL, 6, 1, NULL, NULL, 1565617765, 1, 0),
(101, 'Сандоз', '2019-11-27', 6, '', 3, 1, NULL, NULL, 1567416898, 1, 0),
(102, 'Вебинар', '2019-12-01', 2, '', 1, 1, NULL, NULL, 1568893263, 0, 0),
(103, 'Конференция', '2019-10-13', 1, '', 2, 50, NULL, NULL, 1570462806, 0, 0),
(104, 'Конференция', '2020-01-18', 1, '', 1, 8, NULL, NULL, 1570111609, 0, 0),
(105, 'Конференция', '2020-01-19', 1, '', 1, 9, NULL, NULL, 1570111785, 0, 0),
(106, 'Конференция', '2020-02-01', 1, '', 1, 43, NULL, NULL, 1570111958, 0, 0),
(107, 'Конференция', '2020-02-02', 1, '', 1, 6, NULL, NULL, 1570112086, 0, 0),
(108, 'Конференция', '2019-10-01', 1, '', 2, 6, NULL, NULL, NULL, 0, 0),
(109, 'Конференция', '2019-10-01', 1, '', 2, 6, NULL, NULL, NULL, 0, 0),
(111, 'Конференция больница', '2019-10-09', 1, '', 3, 1, NULL, NULL, 1570451237, 0, 0),
(112, 'Конференция', '2020-01-18', 1, '', 2, 8, NULL, NULL, 1570532764, 1, 0),
(113, 'Конференция', '2020-01-19', 1, '', 1, 9, NULL, NULL, NULL, 1, 0),
(114, 'Конференция', '2020-02-01', 1, '', 2, 6, NULL, NULL, 1570784466, 0, 0),
(115, 'Конференция', '2020-02-02', 1, '', 2, 43, NULL, NULL, 1570784611, 0, 0),
(116, 'Конференция', '2020-02-08', 1, '', 1, 12, NULL, NULL, 1570785702, 0, 0),
(117, 'Конференция', '2020-02-09', 1, '', 1, 2, NULL, NULL, 1570786228, 0, 0),
(118, 'Конференция', '2020-02-15', 1, '', 2, 23, NULL, NULL, 1570787277, 0, 0),
(119, 'Конференция', '2020-02-16', 1, '', 2, 24, NULL, NULL, 1570792095, 0, 0),
(120, 'Конференция', '2020-02-29', 1, '', 2, 29, NULL, NULL, 1571309874, 0, 0),
(121, 'Конференция', '2020-03-01', 1, '', 2, 28, NULL, NULL, 1570792370, 0, 0),
(122, 'Конференция', '2020-03-07', 1, '', 7, 54, NULL, NULL, NULL, 0, 0),
(123, 'Конференция', '2020-03-14', 1, '', 1, 28, NULL, NULL, 1570793020, 0, 0),
(124, 'Конференция', '2020-03-15', 1, '', 1, 29, NULL, NULL, 1570793107, 0, 0),
(125, 'Конференция', '2020-03-14', 1, '', 2, 53, NULL, NULL, 1570793376, 0, 0),
(126, 'Конференция', '2020-03-15', 1, '', 2, 47, NULL, NULL, 1570793502, 0, 0),
(127, 'Конференция', '2020-04-25', 1, NULL, 1, 55, NULL, NULL, 1571311730, 0, 0),
(128, 'Конференция', '2020-04-26', 1, NULL, 1, 56, NULL, NULL, 1571311755, 0, 0),
(129, 'Конференция', '2020-03-28', 1, NULL, 1, 46, NULL, NULL, 1570794304, 0, 0),
(130, 'Конференция', '2020-03-29', 1, '', 1, 45, NULL, NULL, 1570794369, 0, 0),
(131, 'Конференция', '2020-03-28', 1, '', 2, 45, NULL, NULL, 1570794544, 0, 0),
(132, 'Конференция', '2020-03-29', 1, NULL, 2, 46, NULL, NULL, 1570794667, 0, 0),
(133, 'Конференция', '2020-03-21', 1, '', 1, 41, NULL, NULL, 1571316135, 0, 0),
(134, 'Конференции', '2020-03-22', 1, '', 1, 57, NULL, NULL, 1571316205, 0, 0);

-- --------------------------------------------------------

--
-- Table structure for table `event_category`
--

CREATE TABLE IF NOT EXISTS `event_category` (
  `id` int(11) NOT NULL AUTO_INCREMENT,
  `name` varchar(50) NOT NULL,
  `color` varchar(30) DEFAULT NULL,
  `is_deleted` tinyint(1) NOT NULL DEFAULT '0',
  PRIMARY KEY (`id`)
) ENGINE=InnoDB  DEFAULT CHARSET=utf8 AUTO_INCREMENT=8 ;

--
-- Dumping data for table `event_category`
--

INSERT INTO `event_category` (`id`, `name`, `color`, `is_deleted`) VALUES
(1, 'ОП', '#E2EFDA', 0),
(2, 'Сирано', '#DDEBF7', 0),
(3, 'Другое', NULL, 0),
(4, 'LGG', '#4FEC5A', 0),
(5, 'Неврологи', '', 0),
(6, 'Мастер класс', '', 0),
(7, 'СНГ', '#FFA500', 0);

-- --------------------------------------------------------

--
-- Table structure for table `event_info`
--

CREATE TABLE IF NOT EXISTS `event_info` (
  `id` int(11) NOT NULL AUTO_INCREMENT,
  `event_id` int(11) NOT NULL,
  `field_id` int(11) NOT NULL,
  `value` varchar(255) DEFAULT NULL,
  `comment` varchar(255) DEFAULT NULL,
  PRIMARY KEY (`id`),
  KEY `event_id` (`event_id`),
  KEY `field_id` (`field_id`)
) ENGINE=InnoDB  DEFAULT CHARSET=utf8 AUTO_INCREMENT=574 ;

--
-- Dumping data for table `event_info`
--

INSERT INTO `event_info` (`id`, `event_id`, `field_id`, `value`, `comment`) VALUES
(1, 1, 4, 'Положение об учебном центре Ассоциация педиатров.pdf', ''),
(2, 1, 8, 'Отданы в печать', 'Тест'),
(3, 1, 6, NULL, '1'),
(4, 3, 14, 'материал отснят', ''),
(5, 3, 10, 'Не собраны', 'не надо'),
(6, 3, 8, '', 'не нужны'),
(7, 14, 17, '12:30', ''),
(8, 14, 16, '10:00', ''),
(9, 14, 8, 'Отданы в печать', ''),
(10, 1, 10, NULL, 'готовы'),
(11, 4, 6, 'Invitation.Tumen.2019.pdf', ''),
(12, 4, 4, 'Pages from Tumen.2019.Block.PRINT.pdf', ''),
(13, 4, 8, 'Получены', ''),
(14, 3, 6, NULL, ''),
(15, 14, 34, NULL, 'ТЕСТ'),
(16, 14, 19, NULL, ''),
(17, 14, 14, 'Татьяна', ''),
(18, 14, 18, '12:30', ''),
(19, 14, 20, NULL, ''),
(20, 14, 21, NULL, ''),
(21, 14, 22, NULL, ''),
(22, 14, 23, '', ''),
(23, 16, 16, '10:00', ''),
(24, 16, 17, '13:00', ''),
(25, 16, 4, NULL, ''),
(26, 16, 6, 'Invitation.Omsk.SIRANO.2019.pdf', ''),
(27, 16, 14, 'отель «Ибис Сибирь», конференц-зал', ''),
(28, 16, 15, 'г. Омск, ул. Ленина, д. 22,', ''),
(29, 16, 18, '15:30', ''),
(30, 16, 19, 'Куплены', ''),
(31, 16, 20, 'Оплачено', ''),
(32, 16, 21, 'Оплачено', ''),
(33, 16, 22, 'Оплачена', ''),
(34, 4, 14, 'ГАУ ТО «Западно-Сибирский инновационный центр»', ''),
(35, 4, 15, 'г. Тюмень, ул. Республики, д. 142', ''),
(36, 4, 16, '09:00', ''),
(37, 4, 17, '12:00', ''),
(38, 4, 18, '17:00', ''),
(39, 4, 19, 'Куплены', ''),
(40, 4, 20, 'Не оплачено', ''),
(41, 17, 8, '', 'Подарочные книги; 100 экз.; в печать 13 мая'),
(42, 17, 10, '', 'НЕТ'),
(43, 17, 14, 'НЦЗД', ''),
(44, 17, 15, 'Ломоносовский пр.2/1', ''),
(45, 17, 16, '15:00', ''),
(46, 8, 14, 'Золотое кольцо', ''),
(47, 8, 15, 'Смоленская ул., 5', ''),
(48, 8, 16, '09:00', ''),
(49, 6, 14, 'Гостиница Татьяна', ''),
(50, 6, 15, 'Стремянный пер., 11', ''),
(51, 6, 16, '10:00', ''),
(52, 6, 17, '12:30', ''),
(53, 13, 14, 'Гостиница Татьяна', ''),
(54, 13, 15, 'Стремянный пер., 11', ''),
(55, 13, 16, '10:00', ''),
(56, 13, 17, '12:30', ''),
(57, 9, 4, 'invitation_Москва_2000.docx', ''),
(58, 16, 8, 'Получены', ''),
(59, 16, 10, 'Собраны', ''),
(60, 4, 21, 'Оплачено', ''),
(61, 4, 22, 'Оплачена', ''),
(62, 4, 23, 'трансфер Тобольск 20 Астелл не опл', ''),
(63, 5, 4, NULL, ''),
(64, 5, 6, 'Invitation.Surgut.2019.pdf', ''),
(65, 5, 14, 'ГК «Медвежий угол»', ''),
(66, 5, 15, 'г. Сургут, ул. Крылова, д. 23/1', ''),
(67, 5, 16, '10:00', ''),
(68, 5, 17, '13:00', ''),
(69, 5, 18, '17:00', ''),
(70, 5, 19, 'Куплены', ''),
(71, 5, 20, 'Оплачено', ''),
(72, 5, 21, 'Оплачено', ''),
(73, 5, 22, 'Оплачена', ''),
(74, 5, 23, '4 трансф не опл', ''),
(75, 8, 23, '', ''),
(76, 8, 20, 'Оплачено', ''),
(77, 8, 21, 'Оплачено', ''),
(78, 8, 22, 'Оплачена', ''),
(79, 11, 6, 'Invitation.Surgut.SIRANO.2019.pdf', ''),
(80, 11, 14, 'ГК «Медвежий угол»', ''),
(81, 11, 15, 'г. Сургут, ул. Крылова, д. 23/1', ''),
(82, 11, 16, '10:00', ''),
(83, 11, 17, '13:00', ''),
(84, 11, 18, '15:30', ''),
(85, 11, 19, 'Куплены', ''),
(86, 11, 20, 'Оплачено', ''),
(87, 11, 21, 'Оплачено', ''),
(88, 11, 22, 'Оплачена', ''),
(89, 10, 15, 'Казань, Фатыха Амирхана, 1', ''),
(90, 10, 14, 'отель Ривьера', ''),
(91, 10, 19, 'Куплены', ''),
(92, 10, 20, 'Не оплачено', ''),
(93, 10, 21, 'Оплачено', ''),
(94, 10, 22, 'Оплачена', ''),
(95, 12, 6, 'Invitation.Tumen.SIRANO.2019.pdf', ''),
(96, 12, 14, 'Бизнес-отель «Евразия»', ''),
(97, 12, 15, 'г. Тюмень, ул. Советская, д. 20', ''),
(98, 12, 16, '10:00', ''),
(99, 12, 17, '13:00', ''),
(100, 12, 18, '15:30', ''),
(101, 12, 19, 'Куплены', ''),
(102, 12, 20, 'Не оплачено', ''),
(103, 12, 21, 'Не оплачено', ''),
(104, 12, 22, 'Не оплачена', ''),
(105, 9, 6, 'invitation_Москва_2000.pdf', ''),
(106, 9, 14, 'Президент-отель', ''),
(107, 9, 15, 'г. Москва, ул. Большая Якиманка, д. 24', ''),
(108, 9, 16, '09:30', ''),
(109, 9, 18, '14:00', ''),
(110, 9, 21, 'Не оплачено', ''),
(111, 9, 22, 'Не оплачена', ''),
(112, 9, 23, 'кофе-брейк в конце', ''),
(113, 15, 14, 'Президент-отель', ''),
(114, 15, 15, 'г. Москва, ул. Большая Якиманка, д. 24', ''),
(115, 15, 21, 'Не оплачено', ''),
(116, 15, 22, 'Не оплачена', ''),
(117, 15, 23, 'банкет напитки сцена оборуд DJ', ''),
(118, 7, 20, 'Не оплачено', ''),
(119, 7, 21, 'Оплачено', ''),
(120, 7, 22, 'Оплачена', ''),
(121, 7, 23, 'предопл за зал', ''),
(122, 7, 15, 'СПБ М. Морская, 24', ''),
(123, 7, 14, 'Англетер', ''),
(124, 5, 12, '2019-04-26', ''),
(125, 5, 13, '2019-05-16', ''),
(126, 4, 12, '2019-04-26', ''),
(127, 4, 13, '2019-05-16', ''),
(128, 17, 6, 'Invitation.Yatsik.PRINT.pdf', ''),
(129, 17, 23, 'Кейтеринг - Ирина +7 965 127 40 24 ; Диджей ; Флористика; Баннер оплачен', ''),
(130, 9, 10, '', 'заказаны'),
(131, 11, 12, '2019-05-13', ''),
(132, 12, 12, '2019-05-15', ''),
(133, 12, 13, '2019-05-23', ''),
(134, 17, 21, 'Оплачено', ''),
(135, 10, 6, 'Invitation.Kazan.2019.pdf', ''),
(136, 7, 6, 'Invitation.SPb.june.2019.pdf', ''),
(137, 7, 16, '17:00', ''),
(138, 7, 17, '16:30', ''),
(139, 19, 14, 'Татьяна', ''),
(140, 19, 15, 'Стремянный пер., 11', ''),
(141, 19, 16, '10:00', ''),
(142, 19, 18, '12:30', ''),
(143, 19, 17, '12:30', ''),
(144, 36, 14, 'Татьяна', ''),
(145, 36, 15, 'Стремянный пер., 11', ''),
(146, 36, 16, '10:00', ''),
(147, 36, 17, '12:30', ''),
(148, 36, 18, '12:30', ''),
(149, 52, 14, 'Татьяна', ''),
(150, 52, 15, 'Стремянный пер., 11', ''),
(151, 52, 16, '10:00', ''),
(152, 52, 17, '12:30', ''),
(153, 52, 18, '12:30', ''),
(154, 68, 14, 'Татьяна', ''),
(155, 68, 15, 'Стремянный пер., 11', ''),
(156, 68, 16, '10:00', ''),
(157, 68, 17, '12:30', ''),
(158, 68, 18, '12:30', ''),
(159, 88, 14, 'Татьяна', ''),
(160, 88, 15, 'Стремянный пер., 11', ''),
(161, 88, 16, '10:00', ''),
(162, 88, 17, '12:30', ''),
(163, 88, 18, '12:30', ''),
(164, 14, 15, 'Стремянный пер., 11', ''),
(165, 18, 14, 'Татьяна', ''),
(166, 18, 15, 'Стремянный пер., 11', ''),
(167, 18, 16, '10:00', ''),
(168, 18, 17, '12:30', ''),
(169, 18, 18, '12:30', ''),
(170, 20, 14, 'Президент-отель', ''),
(171, 20, 15, 'ул. Б.Якиманка, 24', ''),
(172, 20, 16, '09:00', ''),
(173, 20, 17, '12:00', ''),
(174, 20, 18, '16:00', ''),
(175, 23, 14, 'Президент-отель', ''),
(176, 23, 15, 'ул. Б.Якиманка, 24', ''),
(177, 23, 16, '15:00', ''),
(178, 23, 17, '15:00', ''),
(179, 23, 18, '20:00', ''),
(180, 42, 14, 'Татьяна', ''),
(181, 42, 15, 'Стремянный пер., 11', ''),
(182, 42, 16, '15:00', ''),
(183, 42, 17, '14:30', ''),
(184, 42, 18, '20:00', ''),
(185, 43, 14, 'Golden Ring', ''),
(186, 43, 15, 'ул. Смоленская, д. 5', ''),
(187, 43, 16, '15:00', ''),
(188, 43, 17, '14:30', ''),
(189, 43, 18, '20:00', ''),
(190, 50, 14, 'Татьяна', ''),
(191, 50, 15, 'ул. Б.Якиманка, 24', ''),
(192, 50, 16, '10:00', ''),
(193, 50, 17, '12:00', ''),
(194, 50, 18, '14:00', ''),
(195, 55, 14, 'Президент-отель', ''),
(196, 55, 15, 'ул. Б.Якиманка, 24', ''),
(197, 55, 16, '15:00', ''),
(198, 55, 17, '14:30', ''),
(199, 55, 18, '20:00', ''),
(200, 53, 14, 'Президент-отель', ''),
(201, 53, 15, 'ул. Б.Якиманка, 24', ''),
(202, 53, 16, '15:00', ''),
(203, 53, 17, '14:30', ''),
(204, 53, 18, '20:00', ''),
(205, 74, 14, 'Президент-отель', ''),
(206, 74, 15, 'ул. Б.Якиманка, 24', ''),
(207, 74, 16, '09:00', ''),
(208, 74, 17, '11:30', ''),
(209, 74, 18, '14:00', ''),
(210, 76, 14, 'Президент-отель', ''),
(211, 76, 15, 'ул. Б.Якиманка, 24', ''),
(212, 76, 16, '15:00', ''),
(213, 76, 17, '14:30', ''),
(214, 76, 18, '20:00', ''),
(215, 35, 14, 'Президент-отель', ''),
(216, 35, 15, 'ул. Б.Якиманка, 24', ''),
(217, 35, 16, '09:00', ''),
(218, 35, 17, '11:30', ''),
(219, 35, 18, '14:00', ''),
(220, 25, 14, 'Дом ученых', ''),
(221, 25, 15, 'ул. Советская, 45', ''),
(222, 25, 16, '10:00', ''),
(223, 25, 17, '13:00', ''),
(224, 25, 18, '18:00', ''),
(225, 26, 14, 'Томь River Plaza Hotel', ''),
(226, 26, 15, 'ул. Притомская Набережная, 7', ''),
(227, 26, 16, '10:00', ''),
(228, 26, 17, '13:00', ''),
(229, 26, 18, '16:00', ''),
(230, 27, 14, 'Томь River Plaza Hotel', ''),
(231, 27, 15, 'ул. Притомская Набережная, 7', ''),
(232, 27, 16, '10:00', ''),
(233, 27, 17, '13:00', ''),
(234, 27, 18, '18:00', ''),
(235, 28, 14, 'Дом ученых', ''),
(236, 28, 15, 'ул. Советская, 45', ''),
(237, 28, 16, '10:00', ''),
(238, 28, 17, '13:00', ''),
(239, 28, 18, '16:00', ''),
(240, 30, 14, 'Дон Плаза', ''),
(241, 30, 15, 'ул. Б.Садовая, 115', ''),
(242, 30, 16, '09:00', ''),
(243, 30, 17, '12:00', ''),
(244, 30, 18, '17:00', ''),
(245, 31, 14, 'Интурист', ''),
(246, 31, 15, 'ул. Красная, 109', ''),
(247, 31, 16, '10:00', ''),
(248, 31, 17, '13:00', ''),
(249, 31, 18, '16:00', ''),
(250, 32, 14, 'Интурист', ''),
(251, 32, 15, 'ул. Красная, 109', ''),
(252, 32, 16, '09:00', ''),
(253, 32, 17, '12:00', ''),
(254, 32, 18, '17:00', ''),
(255, 33, 14, 'Дон Плаза', ''),
(256, 33, 15, 'ул. Б.Садовая, 115', ''),
(257, 33, 16, '10:00', ''),
(258, 33, 17, '13:00', ''),
(259, 33, 18, '16:00', ''),
(260, 38, 14, 'Mercure Липецк Центр', ''),
(261, 38, 15, 'Театральная пл., 3', ''),
(262, 38, 16, '09:00', ''),
(263, 38, 17, '12:00', ''),
(264, 38, 18, '17:00', ''),
(265, 39, 14, 'Ramada Plaza Voronezh City Centre', ''),
(266, 39, 15, 'ул. Орджоникидзе, 36а', ''),
(267, 39, 16, '10:00', ''),
(268, 39, 17, '13:00', ''),
(269, 39, 18, '16:00', ''),
(270, 40, 14, 'Ramada Plaza Voronezh City Centre', ''),
(271, 40, 15, 'ул. Орджоникидзе, 36а', ''),
(272, 40, 16, '09:00', ''),
(273, 40, 17, '12:00', ''),
(274, 40, 18, '17:00', ''),
(275, 41, 14, 'Mercure Липецк Центр', ''),
(276, 41, 15, 'Театральная пл., 3', ''),
(277, 41, 16, '10:00', ''),
(278, 41, 17, '13:00', ''),
(279, 41, 18, '16:00', ''),
(280, 45, 14, 'Россия', ''),
(281, 45, 15, 'ул. Гагарина, 34/2', ''),
(282, 45, 16, '10:00', ''),
(283, 45, 17, '13:30', ''),
(284, 45, 18, '17:00', ''),
(285, 46, 14, 'Рамада Казань Сити Центр', ''),
(286, 46, 15, 'ул. Чернышевского, 39', ''),
(287, 46, 16, '10:00', ''),
(288, 46, 17, '13:00', ''),
(289, 46, 18, '16:00', ''),
(290, 47, 14, 'Рамада Казань Сити Центр', ''),
(291, 47, 15, 'ул. Чернышевского, 39', ''),
(292, 47, 16, '09:00', ''),
(293, 47, 17, '12:00', ''),
(294, 47, 18, '17:00', ''),
(295, 48, 14, 'Россия', ''),
(296, 48, 15, 'ул. Гагарина, 34/2', ''),
(297, 48, 16, '10:00', ''),
(298, 48, 17, '13:00', ''),
(299, 48, 18, '16:00', ''),
(300, 57, 14, 'Урал', ''),
(301, 57, 15, 'ул. Ленина, 58', ''),
(302, 57, 16, '09:00', ''),
(303, 57, 17, '12:00', ''),
(304, 57, 18, '17:00', ''),
(305, 58, 14, 'Библиотека им. А.И. Герцена', ''),
(306, 58, 15, 'ул. Герцена, д. 50', ''),
(307, 58, 16, '09:00', ''),
(308, 58, 17, '12:00', ''),
(309, 58, 18, '14:30', ''),
(310, 59, 14, 'Библиотека им. А.И. Герцена', ''),
(311, 59, 15, 'ул. Герцена, д. 50', ''),
(312, 59, 16, '09:00', ''),
(313, 59, 17, '12:00', ''),
(314, 59, 18, '17:00', ''),
(315, 60, 14, 'Урал', ''),
(316, 60, 15, 'ул. Ленина, 58', ''),
(317, 60, 16, '10:00', ''),
(318, 60, 17, '13:00', ''),
(319, 60, 18, '16:00', ''),
(320, 62, 14, 'Лада-Резорт', ''),
(321, 62, 15, 'Лесопарковое шоссе, 55', ''),
(322, 62, 16, '09:00', ''),
(323, 62, 17, '12:00', ''),
(324, 62, 18, '17:00', ''),
(325, 63, 14, 'Веструм', ''),
(326, 63, 15, 'ул. Комсомольская, 7б', ''),
(327, 63, 16, '10:00', ''),
(328, 63, 17, '13:00', ''),
(329, 63, 18, '16:00', ''),
(330, 64, 14, 'Holiday Inn Samara', ''),
(331, 64, 15, 'ул. Алексея Толстого, 99', ''),
(332, 64, 16, '09:00', ''),
(333, 64, 17, '12:00', ''),
(334, 64, 18, '17:00', ''),
(335, 65, 14, 'Лада-Резорт', ''),
(336, 65, 15, 'Лесопарковое шоссе, 55', ''),
(337, 65, 16, '10:00', ''),
(338, 65, 17, '13:00', ''),
(339, 65, 18, '16:00', ''),
(340, 70, 14, 'Амбассадор', ''),
(341, 70, 15, 'пр. Римского-Корсакова, 5-7', ''),
(342, 70, 16, '09:00', ''),
(343, 70, 17, '12:00', ''),
(344, 70, 18, '17:00', ''),
(345, 72, 14, 'Гранд отель "Звезда"', ''),
(346, 72, 15, 'ул. Симеоновская, дом 30/27', ''),
(347, 72, 16, '10:00', ''),
(348, 72, 17, '13:00', ''),
(349, 72, 18, '16:00', ''),
(350, 73, 14, 'Амбассадор', ''),
(351, 73, 15, 'пр. Римского-Корсакова, 5-7', ''),
(352, 73, 16, '10:00', ''),
(353, 73, 17, '13:00', ''),
(354, 73, 18, '16:00', ''),
(355, 78, 14, 'Старый город', ''),
(356, 78, 15, 'ул. Мюнстерская, 2', ''),
(357, 78, 16, '09:00', ''),
(358, 78, 17, '12:00', ''),
(359, 78, 18, '17:00', ''),
(360, 79, 14, 'SK Royal Hotel Tula', ''),
(361, 79, 15, 'ул. Советская, 29', ''),
(362, 79, 16, '10:00', ''),
(363, 79, 17, '13:00', ''),
(364, 79, 18, '16:00', ''),
(365, 80, 15, 'ул. Советская, 29', ''),
(366, 80, 14, 'SK Royal Hotel Tula', ''),
(367, 80, 16, '09:00', ''),
(368, 80, 17, '12:00', ''),
(369, 80, 18, '17:00', ''),
(370, 81, 14, 'Форум', ''),
(371, 81, 15, 'пр. Яблочкова, 5е', ''),
(372, 81, 16, '10:00', ''),
(373, 81, 17, '13:00', ''),
(374, 81, 18, '16:00', ''),
(375, 83, 14, 'Park Inn by Radisson Ижевск', ''),
(376, 83, 15, 'ул. Бородина, 25', ''),
(377, 83, 16, '15:00', ''),
(378, 83, 17, '14:00', ''),
(379, 83, 18, '20:00', ''),
(380, 84, 14, 'Heliopark Residence', ''),
(381, 84, 15, 'ул. Кирова, 49 / ул. М, Горького, 22', ''),
(382, 84, 16, '10:00', ''),
(383, 84, 17, '13:00', ''),
(384, 84, 18, '16:00', ''),
(385, 85, 14, 'Hilton Garden Inn', ''),
(386, 85, 15, 'ул. Гончарова, 25', ''),
(387, 85, 16, '09:00', ''),
(388, 85, 17, '12:00', ''),
(389, 85, 18, '17:00', ''),
(390, 86, 14, 'Mercure Саранск Центр', ''),
(391, 86, 15, 'ул. Коммунистическая, 37', ''),
(392, 86, 16, '10:00', ''),
(393, 86, 17, '13:00', ''),
(394, 86, 18, '16:00', ''),
(395, 31, 19, 'Куплены', ''),
(396, 90, 14, 'Hilton Garden Inn Ufa Riverside', ''),
(397, 90, 16, '10:00', ''),
(398, 90, 18, '13:00', ''),
(399, 91, 14, 'KamaRooms', ''),
(400, 91, 16, '11:00', ''),
(401, 91, 18, '13:00', ''),
(402, 92, 14, 'Конгресс-отель Атташе', ''),
(403, 92, 15, 'пр. Соколова, 19/22', ''),
(404, 92, 16, '10:00', ''),
(405, 92, 18, '13:00', ''),
(406, 90, 15, 'ул. Аксакова, 4', ''),
(407, 91, 15, 'пр-т Московский, 159', ''),
(408, 93, 14, 'Амичи Гранд Отель', ''),
(409, 93, 15, 'ул. Красных Партизан, 112', ''),
(410, 93, 16, '10:00', ''),
(411, 93, 18, '13:00', ''),
(412, 94, 14, 'Кортъярд Мариотт Нижний Новгород Центр', ''),
(413, 94, 15, 'ул. Ильинская, 46', ''),
(414, 94, 16, '10:00', ''),
(415, 94, 18, '13:00', ''),
(416, 95, 14, 'Ринг Премьер отель', ''),
(417, 95, 15, 'ул. Свободы, 55', ''),
(418, 95, 16, '10:00', ''),
(419, 95, 18, '13:00', ''),
(420, 97, 14, 'Холидей Инн Сокольники', ''),
(421, 97, 15, 'ул. Русаковская, 24', ''),
(422, 97, 16, '14:00', ''),
(423, 97, 17, '16:00', ''),
(424, 97, 18, '16:00', ''),
(425, 98, 4, 'Программа Долецкий 15нояб.doc', ''),
(426, 98, 16, '14:00', ''),
(427, 43, 19, 'Куплены', ''),
(428, 74, 4, '1.09 программа.docx', ''),
(429, 20, 4, '1.09 программа.docx', ''),
(430, 100, 14, 'Розовый зал, ДГКБ им. З.А. Башляевой', ''),
(431, 20, 6, 'Invitation.Skin2.pdf', ''),
(432, 7, 5, '', ''),
(433, 15, 5, '', ''),
(434, 10, 5, '', ''),
(435, 9, 5, '', ''),
(436, 11, 5, '', ''),
(437, 8, 5, '', ''),
(438, 16, 5, '', ''),
(439, 4, 5, '', ''),
(440, 5, 5, '', ''),
(441, 12, 5, '', ''),
(442, 23, 4, 'Программа_12_сентября.docx', ''),
(443, 23, 6, 'Invitation.september.msk2.pdf', ''),
(444, 25, 6, 'Invitation.Tomsk.2019.pdf', ''),
(445, 26, 6, 'Invitation.SIRANO.2019.Kemerovo.pdf', ''),
(446, 27, 6, 'Invitation.Kemerovo.2019.pdf', ''),
(447, 28, 6, 'Invitation.SIRANO.2019.Tomsk.pdf', ''),
(448, 30, 6, 'Invitation.Rostov.2019.pdf', ''),
(449, 31, 6, 'Invitation.SIRANO.2019.Krasnodar.pdf', ''),
(450, 32, 6, 'Invitation.Krasnodar.2019.pdf', ''),
(451, 33, 6, 'Invitation.SIRANO.2019.RND.pdf', ''),
(452, 101, 14, 'Президент-отель', ''),
(453, 101, 15, 'Б. Якиманка, 24', ''),
(454, 101, 16, '15:00', ''),
(455, 101, 18, '19:00', ''),
(456, 35, 6, 'Invitation.Moscow.2019.pdf', ''),
(457, 46, 6, 'Invitation.SIRANO.2019.Kazan.pdf', ''),
(458, 38, 6, 'Invitation.Lipetsk.2019.pdf', ''),
(459, 39, 6, 'Invitation.SIRANO.2019.Voronezh.pdf', ''),
(460, 40, 6, 'Invitation.Voronezh.2019.pdf', ''),
(461, 41, 6, 'Invitation.SIRANO.2019.Lipetsk.pdf', ''),
(462, 45, 6, 'Invitation.Cheboksary.2019.pdf', ''),
(463, 47, 6, 'Invitation.Kazan.2019.pdf', ''),
(464, 26, 4, '', ''),
(465, 91, 6, 'Invitation.neuro.2019.NCHELNY2.pdf', ''),
(466, 103, 14, 'Россия', ''),
(467, 103, 15, 'ул. Гагарина, 34/2', ''),
(468, 103, 16, '10:00', ''),
(469, 103, 17, '13:00', ''),
(470, 103, 18, '15:30', ''),
(471, 42, 6, 'Invitation.deltaM.october5.pdf', ''),
(472, 66, 14, 'Яхонты Ногинск', ''),
(473, 66, 15, 'Московская область, Ногинский район, южнее 1 км. д. Жилино', ''),
(474, 66, 16, '09:00', ''),
(475, 69, 14, 'ФГБОУ ВО Тверской ГМУ Минздрава России', ''),
(476, 69, 15, 'ул. Советская, 4', ''),
(477, 69, 16, '09:00', ''),
(478, 104, 14, 'Ринг Премьер отель', ''),
(479, 104, 15, 'ул. Свободы, 55', ''),
(480, 104, 16, '09:00', ''),
(481, 105, 14, 'ГК Волга', ''),
(482, 105, 15, 'Ул. Юношеская, 1', ''),
(483, 105, 16, '09:00', ''),
(484, 106, 14, 'Кортъярд Мариотт Нижний Новгород Центр', ''),
(485, 106, 15, 'ул. Ильинская, 46', ''),
(486, 106, 16, '09:00', ''),
(487, 107, 14, 'парк-отель Вознесенская Слобода', ''),
(488, 107, 15, 'ул. Вознесенская, 14-б', ''),
(489, 107, 16, '09:00', ''),
(490, 112, 14, 'Ринг Премьер отель', ''),
(491, 112, 15, 'ул. Свободы, 55', ''),
(492, 114, 14, 'парк-отель Вознесенская Слобода', ''),
(493, 114, 15, 'ул. Вознесенская, 14-б', ''),
(494, 114, 16, '10:00', ''),
(495, 115, 14, 'Кортъярд Мариотт Нижний Новгород Центр', ''),
(496, 115, 15, 'ул. Ильинская, 46', ''),
(497, 115, 16, '10:00', ''),
(498, 116, 14, 'Four Points by Sheraton Kaluga', ''),
(499, 116, 15, 'ул. Академика Королева, 16', ''),
(500, 116, 16, '09:00', ''),
(501, 117, 14, 'Владимир Плаза', ''),
(502, 117, 15, 'пр-т Станке Дмитрова, 98', ''),
(503, 117, 16, '09:00', ''),
(504, 118, 14, 'Конференц-центр Volga Hall', ''),
(505, 118, 15, 'ул. Профсоюзная, 13', ''),
(506, 118, 16, '10:00', ''),
(507, 119, 14, 'Park Inn by Radisson', ''),
(508, 119, 15, 'ул. Анри Барбюса, 29', ''),
(509, 119, 16, '10:00', ''),
(510, 120, 14, 'Novotel Екатеринбург Центр', ''),
(511, 120, 15, 'ул. Энгельса, 7', ''),
(512, 120, 16, '10:00', ''),
(513, 121, 14, 'Гранд-отель Видгоф', ''),
(514, 121, 15, 'пр. Ленина, 26а', ''),
(515, 121, 16, '10:00', ''),
(516, 123, 14, 'Гранд-отель Видгоф', ''),
(517, 123, 15, 'пр. Ленина, 26а', ''),
(518, 123, 16, '10:00', ''),
(519, 124, 14, 'Хаятт Ридженси Екатеринбург', ''),
(520, 124, 15, 'ул. Б. Ельцина, 8', ''),
(521, 124, 16, '09:00', ''),
(522, 125, 14, 'Парк Инн', ''),
(523, 125, 15, 'ул. Бородина, 25', ''),
(524, 125, 16, '10:00', ''),
(525, 126, 14, 'отель Kamarooms', ''),
(526, 126, 15, 'пр. Московский, 159', ''),
(527, 126, 16, '10:00', ''),
(528, 127, 14, 'ГК Бештау', ''),
(529, 127, 15, 'ул. Первая Бульварная, 17', ''),
(530, 127, 16, '09:00', ''),
(531, 128, 14, 'Интурист', ''),
(532, 128, 15, 'пр. К. Маркса, 42', ''),
(533, 128, 16, '09:00', ''),
(534, 129, 14, 'Домина', ''),
(535, 129, 15, 'ул. Ленина, 28', ''),
(536, 129, 16, '09:00', ''),
(537, 130, 14, 'Новотель', ''),
(538, 130, 15, 'ул. К.Маркса, 123', ''),
(539, 130, 16, '09:00', ''),
(540, 131, 14, 'Новотель', ''),
(541, 131, 15, 'ул. К.Маркса, 123', ''),
(542, 131, 16, '10:00', ''),
(543, 132, 14, 'Домина', ''),
(544, 132, 15, 'ул. Ленина, 28', ''),
(545, 132, 16, '10:00', ''),
(546, 133, 14, 'Кайзерхоф', ''),
(547, 133, 15, 'ул. Октябрьская, д. 6А', ''),
(548, 134, 14, 'ФГБОУ ВО Северный государственный медицинский университет', ''),
(549, 134, 15, 'пр-т Троицкий, 51', ''),
(550, 57, 23, 'Доставка КС', ''),
(551, 58, 23, 'Доставка КС', ''),
(552, 59, 23, 'Доставка КС', ''),
(553, 60, 23, 'Доставка КС', ''),
(554, 92, 23, 'Машиной Рома', ''),
(555, 93, 23, 'Машиной Рома', ''),
(556, 85, 23, 'Машиной Рома', ''),
(557, 62, 23, 'Машиной Саша', ''),
(558, 63, 23, 'Машиной Рома', ''),
(559, 64, 23, 'Машиной Рома', ''),
(560, 65, 23, 'Машиной Саша', ''),
(561, 69, 23, 'Машиной Саша', ''),
(562, 72, 23, 'Машиной Саша', ''),
(563, 70, 23, 'Машиной Рома', ''),
(564, 73, 23, 'Машиной Рома', ''),
(565, 83, 23, 'Доставка КС', ''),
(566, 78, 23, 'Машиной Рома', ''),
(567, 81, 23, 'Машиной Рома', ''),
(568, 79, 23, 'Машиной Саша', ''),
(569, 80, 23, 'Машиной Саша', ''),
(570, 84, 23, 'Машиной Саша', ''),
(571, 86, 23, 'Машиной Саша', ''),
(572, 83, 4, 'Ижевск.docx', ''),
(573, 97, 6, 'Invitation.Doletskiy2.2019.pdf', '');

-- --------------------------------------------------------

--
-- Table structure for table `event_service`
--

CREATE TABLE IF NOT EXISTS `event_service` (
  `id` int(11) NOT NULL AUTO_INCREMENT,
  `title` varchar(200) NOT NULL,
  `customer` varchar(200) NOT NULL,
  `producer` varchar(200) NOT NULL,
  `city_id` int(11) NOT NULL,
  `city_name` varchar(50) DEFAULT NULL,
  `date` date NOT NULL,
  `people_amount` int(11) DEFAULT NULL,
  `event_id` int(11) NOT NULL,
  `status` tinyint(1) NOT NULL DEFAULT '0',
  `is_deleted` tinyint(1) NOT NULL DEFAULT '0',
  PRIMARY KEY (`id`)
) ENGINE=InnoDB  DEFAULT CHARSET=utf8 AUTO_INCREMENT=13 ;

--
-- Dumping data for table `event_service`
--

INSERT INTO `event_service` (`id`, `title`, `customer`, `producer`, `city_id`, `city_name`, `date`, `people_amount`, `event_id`, `status`, `is_deleted`) VALUES
(1, 'Трансфер', 'Тест', 'Тест', 1, NULL, '2019-04-11', 10, 16, 1, 1),
(2, 'автобус', 'Астеллас', 'Альбатрос', 1, 'Тобольск', '2019-05-18', 20, 4, 0, 0),
(3, 'Пресс-Волл', 'Константин', 'МР-Технология', 1, '', '2019-05-17', 1, 14, 1, 0),
(4, 'Трансфер для слушателей', 'Ольга Аносова', 'Альбатрос', 1, '', '2019-05-25', NULL, 11, 1, 0),
(5, 'Трансфер для слушателей', 'Ольга Аносова', 'Альбатрос', 48, 'Новокузнецк', '2019-09-15', NULL, 27, 1, 0),
(6, 'Трансфер для слушателей', 'Ольга Аносова', 'Альбатрос', 48, 'Новокузнецк', '2019-09-14', NULL, 26, 1, 0),
(7, 'Трансфер для слушателей', 'Ольга Аносова', 'Альбатрос', 48, 'Новокузнецк', '2019-09-15', NULL, 27, 1, 0),
(8, 'Трансфер для слушателей', 'Ольга Аносова', 'Альбатрос', 26, '', '2019-09-21', NULL, 30, 1, 0),
(9, 'Трансфер для слушателей', 'Ольга Аносова', 'Альбатрос', 26, '', '2019-09-22', NULL, 35, 1, 0),
(10, 'Трансфер для слушателей', 'Ольга Аносова', 'Альбатрос', 1, 'Чебоксары', '2019-10-12', NULL, 45, 1, 0),
(11, 'Трансфер для слушателей', 'Ольга Аносова', 'Альбатрос', 1, 'Чебоксары', '2019-10-13', NULL, 103, 1, 0),
(12, 'Трансфер для слушателей', 'Ольга Аносова', 'Альбатрос', 1, 'Ногинск', '2019-11-24', NULL, 66, 1, 0);

-- --------------------------------------------------------

--
-- Table structure for table `event_ticket`
--

CREATE TABLE IF NOT EXISTS `event_ticket` (
  `id` int(11) NOT NULL AUTO_INCREMENT,
  `event_id` int(11) NOT NULL,
  `filename` varchar(300) NOT NULL,
  `is_deleted` tinyint(1) NOT NULL DEFAULT '0',
  PRIMARY KEY (`id`),
  KEY `event_id` (`event_id`)
) ENGINE=InnoDB  DEFAULT CHARSET=utf8 AUTO_INCREMENT=228 ;

--
-- Dumping data for table `event_ticket`
--

INSERT INTO `event_ticket` (`id`, `event_id`, `filename`, `is_deleted`) VALUES
(2, 1, '1780639.pdf', 1),
(3, 1, '17854498.a4.pdf', 1),
(4, 1, '_Гастроинтестинальные расстройства.pdf', 1),
(5, 1, '_Гастроинтестинальные расстройства.pdf', 1),
(6, 1, '_gastrointestinalnye-proyavleniya.pdf', 0),
(7, 16, '26.04 МСК-Омск GALINA_NIKOLAEVNA_NIKIFOROVA.pdf', 0),
(8, 16, '26.04 МСК-Омск MARIYA_ALEXANDROVNA_KOLODINA.pdf', 0),
(9, 16, '26.04 МСК-Омск OXANA_MIKHAILOVNA_RYABIKINA.pdf', 0),
(10, 16, 'МСК-Омск VALERIY_MIKHAYLOVICH_SVISTUSHKIN.pdf', 0),
(11, 16, 'Омск-МСК VALERIY_MIKHAYLOVICH_SVISTUSHKIN.pdf', 0),
(12, 4, '17.05 МСК-Тюмень ANDREY_LEONIDOVICH_ZAPLATNIKOV.pdf', 0),
(13, 4, '17.05 МСК-Тюмень KONSTANTIN_VITALYEVICH_SELEZNEV.pdf', 0),
(14, 4, '17.05 МСК-Тюмень KRISTINA_SERGEEVNA_SELEZNEVA.pdf', 0),
(15, 4, '17.05 МСК-Тюмень Квитанция электронного билета, 17 мая, клиент_ MRS IRINA NIKOLAEVNA ZAKHAROVA.pdf', 0),
(16, 4, 'ЗАПЛАТНИКОВ АЛ_108ЕА_18-05-2019_T.pdf', 0),
(17, 4, 'ЗАХАРОВА ИН_108ЕА_18-05-2019_T.pdf', 0),
(18, 4, 'СЕЛЕЗНЕВ КВ_108ЕА_18-05-2019_T.pdf', 0),
(19, 4, 'СЕЛЕЗНЕВА КС_108ЕА_18-05-2019_T.pdf', 0),
(20, 5, 'ЗАПЛАТНИКОВ АЛ_108ЕА_18-05-2019_T.pdf', 0),
(21, 5, 'ЗАХАРОВА ИН_108ЕА_18-05-2019_T.pdf', 0),
(22, 5, 'СЕЛЕЗНЕВ КВ_108ЕА_18-05-2019_T.pdf', 0),
(23, 5, 'СЕЛЕЗНЕВА КС_108ЕА_18-05-2019_T.pdf', 0),
(24, 5, '20.05 Сургут-МСК ANDREY_LEONIDOVICH_ZAPLATNIKOV.pdf', 0),
(25, 5, '20.05 Сургут-МСК IRINA_NIKOLAEVNA_ZAKHAROVA.pdf', 0),
(26, 5, '20.05 Сургут-МСК KONSTANTIN_VITALYEVICH_SELEZNEV.pdf', 0),
(27, 5, '20.05 Сургут-МСК KRISTINA_SERGEEVNA_SELEZNEVA.pdf', 0),
(28, 8, 'Квитанция электронного билета, 22 мая, клиент_ MRS SANJA KOLACEK.pdf', 0),
(29, 11, '24.05 мск-сургут GALINA_NIKOLAEVNA_NIKIFOROVA.pdf', 0),
(30, 11, '24.05 мск-Сургут MARIYA_ALEXANDROVNA_KOLODINA.pdf', 0),
(31, 11, '24.05 МСК-Сургут OXANA_MIKHAILOVNA_RYABIKINA.pdf', 0),
(32, 11, '24.05 мск-сургут VALERIY_MIKHAYLOVICH_SVISTUSHKIN.pdf', 0),
(33, 11, '25.05 Сургут-Тюмень Колодина Itineraryreceipt2986127286834.pdf', 0),
(34, 11, '25.05 Сургут-Тюмень Никифорова Itineraryreceipt2986127286851.pdf', 0),
(35, 11, '25.05 Сургут-Тюмень Рябикина Itineraryreceipt2986127286833.pdf', 0),
(36, 11, '25.05 Сургут-Тюмень Свистушкин Itineraryreceipt2986127286850.pdf', 0),
(37, 10, '25.05 МСК-Казань KONSTANTIN_VITALYEVICH_SELEZNEV.pdf', 0),
(38, 10, '25.05 МСК-Казань KRISTINA_SERGEEVNA_SELEZNEVA.pdf', 0),
(39, 10, '25.05 мск-казань Заплатников.pdf', 0),
(40, 10, '25.05 мск-казань ИН.pdf', 0),
(41, 10, '25.05 мск-казань НЛ.pdf', 0),
(42, 10, '26.05 Казань-мск Заплатников.pdf', 0),
(43, 10, '26.05 Казань-мск ИН.pdf', 0),
(44, 10, '26.05 Казань-мск Костя.pdf', 0),
(45, 10, '26.05 Казань-мск Кристина.pdf', 0),
(46, 10, '26.05 Казань-мск НЛ.pdf', 0),
(47, 12, '26.05 Тюмень-МСК GALINA_NIKOLAEVNA_NIKIFOROVA.pdf', 0),
(48, 12, '26.05 Тюмень-МСК MARIYA_ALEXANDROVNA_KOLODINA.pdf', 0),
(49, 12, '26.05 Тюмень-МСК VALERIY_MIKHAYLOVICH_SVISTUSHKIN.pdf', 0),
(50, 12, '26.05.19 Тюмень-МСК OXANA_MIKHAILOVNA_RYABIKINA.pdf', 0),
(51, 7, 'MARIYA_ALEXANDROVNA_KOLODINA (1).pdf', 1),
(52, 7, 'MARIYA_ALEXANDROVNA_KOLODINA.pdf', 1),
(53, 7, 'АНОСОВАОА_776АА_31-05-2019_T.pdf', 0),
(54, 7, 'РЯБИКИНАОМ_776АА_31-05-2019_T.pdf', 0),
(55, 7, 'МСК СПБ 30.05 MARIYA_ALEXANDROVNA_KOLODINA.pdf', 0),
(56, 7, 'СПБ МСК 02.06 MARIYA_ALEXANDROVNA_KOLODINA (1).pdf', 0),
(57, 7, '02.06.19 СПБ-МСК OXANA_MIKHAILOVNA_RYABIKINA.pdf', 0),
(58, 31, 'GALINA_NIKOLAEVNA_NIKIFOROVA.pdf', 1),
(59, 31, 'MARIYA_ALEXANDROVNA_KOLODINA.pdf', 0),
(60, 31, 'OXANA_MIKHAILOVNA_RYABIKINA.pdf', 0),
(61, 31, 'VALERIY_MIKHAYLOVICH_SVISTUSHKIN.pdf', 1),
(62, 32, 'ANDREY_LEONIDOVICH_ZAPLATNIKOV.pdf', 0),
(63, 32, 'IRINA_NIKOLAEVNA_ZAKHAROVA.pdf', 0),
(64, 32, 'MARIYA_ALEXANDROVNA_KOLODINA.pdf', 0),
(65, 32, 'OXANA_MIKHAILOVNA_RYABIKINA.pdf', 0),
(66, 25, 'ANDREY_LEONIDOVICH_ZAPLATNIKOV.pdf', 0),
(67, 25, 'IRINA_NIKOLAEVNA_ZAKHAROVA.pdf', 0),
(68, 25, 'KONSTANTIN_VITALYEVICH_SELEZNEV.pdf', 0),
(69, 25, 'KRISTINA_SERGEEVNA_SELEZNEVA.pdf', 0),
(70, 27, 'ANDREY_LEONIDOVICH_ZAPLATNIKOV.pdf', 0),
(71, 27, 'IRINA_NIKOLAEVNA_ZAKHAROVA.pdf', 0),
(72, 27, 'MARIYA_ALEXANDROVNA_KOLODINA.pdf', 0),
(73, 27, 'OXANA_MIKHAILOVNA_RYABIKINA.pdf', 0),
(74, 26, 'MARIYA_ALEXANDROVNA_KOLODINA.pdf', 0),
(75, 26, 'OXANA_MIKHAILOVNA_RYABIKINA.pdf', 0),
(76, 26, 'Мск-Кемерово GALINA_NIKOLAEVNA_NIKIFOROVA.pdf', 0),
(77, 26, 'Мск-Кемерово VALERIY_MIKHAYLOVICH_SVISTUSHKIN.pdf', 0),
(78, 28, 'KONSTANTIN_VITALYEVICH_SELEZNEV.pdf', 0),
(79, 28, 'KRISTINA_SERGEEVNA_SELEZNEVA.pdf', 0),
(80, 28, 'Томск-Мск GALINA_NIKOLAEVNA_NIKIFOROVA.pdf', 0),
(81, 28, 'Томск-Мск VALERIY_MIKHAYLOVICH_SVISTUSHKIN.pdf', 0),
(82, 30, 'ANDREY_LEONIDOVICH_ZAPLATNIKOV.pdf', 0),
(83, 30, 'IRINA_NIKOLAEVNA_ZAKHAROVA.pdf', 0),
(84, 30, 'KONSTANTIN_VITALYEVICH_SELEZNEV.pdf', 0),
(85, 30, 'KRISTINA_SERGEEVNA_SELEZNEVA.pdf', 0),
(86, 33, 'KONSTANTIN_VITALYEVICH_SELEZNEV.pdf', 0),
(87, 33, 'KRISTINA_SERGEEVNA_SELEZNEVA.pdf', 0),
(88, 33, 'Ростов-Мск GALINA_NIKOLAEVNA_NIKIFOROVA.pdf', 0),
(89, 33, 'Ростов-Мск VALERIY_MIKHAYLOVICH_SVISTUSHKIN.pdf', 0),
(90, 38, 'ВЛАСОВАНЛ_025ЯА_04-10-2019_T.pdf', 0),
(91, 38, 'ЗАПЛАТНИКОВАЛ_025ЯА_04-10-2019_T.pdf', 0),
(92, 38, 'ЗАХАРОВАИН_025ЯА_04-10-2019_T.pdf', 0),
(93, 91, 'MARIYA_VLADIMIROVNA_VLASOVA.pdf', 0),
(94, 91, 'OLGA_ALEKSEEVNA_ANOSOVA.pdf', 0),
(95, 91, 'Мск-Н.Челны ANNA_NIKOLAEVNA_BOGOLEPOVA.pdf', 0),
(96, 91, 'MARIYA_VLADIMIROVNA_VLASOVA(1).pdf', 0),
(97, 91, 'OLGA_ALEKSEEVNA_ANOSOVA(1).pdf', 0),
(98, 91, 'Н.Челны-Мск ANNA_NIKOLAEVNA_BOGOLEPOVA.pdf', 0),
(99, 39, 'КОЛОДИНАМА_034СА_03-10-2019_T.pdf', 0),
(100, 39, 'РЯБИКИНАОМ_034СА_03-10-2019_T.pdf', 0),
(101, 39, 'GALINA_NIKOLAEVNA_NIKIFOROVA.pdf', 1),
(102, 39, 'VALERIY_MIKHAYLOVICH_SVISTUSHKIN.pdf', 1),
(103, 45, 'Костя.pdf', 0),
(104, 45, 'Кристина.pdf', 0),
(105, 45, 'ВЛАСОВАНЛ_054ГА_11-10-2019_T.pdf', 0),
(106, 45, 'ЗАПЛАТНИКОВАЛ_054ГА_11-10-2019_T.pdf', 0),
(107, 45, 'ЗАХАРОВАИН_054ГА_11-10-2019_T.pdf', 0),
(108, 47, 'ВЛАСОВАНЛ_001ГА_13-10-2019_T.pdf', 0),
(109, 47, 'ANDREY_LEONIDOVICH_ZAPLATNIKOV.pdf', 0),
(110, 47, 'IRINA_NIKOLAEVNA_ZAKHAROVA.pdf', 0),
(111, 47, 'KONSTANTIN_VITALYEVICH_SELEZNEV.pdf', 1),
(112, 47, 'KRISTINA_SERGEEVNA_SELEZNEVA.pdf', 1),
(113, 46, 'GALINA_NIKOLAEVNA_NIKIFOROVA.pdf', 1),
(114, 46, 'MARIYA_ALEXANDROVNA_KOLODINA.pdf', 0),
(115, 46, 'OXANA_MIKHAILOVNA_RYABIKINA.pdf', 0),
(116, 46, 'VALERIY_MIKHAYLOVICH_SVISTUSHKIN.pdf', 1),
(117, 31, 'Мск-Краснодар GALINA_NIKOLAEVNA_NIKIFOROVA.pdf', 0),
(118, 31, 'Мск-Краснодар VALERIY_MIKHAYLOVICH_SVISTUSHKIN.pdf', 0),
(119, 46, 'MARIYA_ALEXANDROVNA_KOLODINA(1).pdf', 1),
(120, 46, 'OXANA_MIKHAILOVNA_RYABIKINA(1).pdf', 1),
(121, 46, 'Казань-Мск GALINA_NIKOLAEVNA_NIKIFOROVA.pdf', 1),
(122, 46, 'Казань-Мск VALERIY_MIKHAYLOVICH_SVISTUSHKIN.pdf', 0),
(123, 103, 'Галина Николаевна.pdf', 0),
(124, 103, 'Костя.pdf', 0),
(125, 103, 'Кристина.pdf', 0),
(126, 47, 'MARIYA_ALEXANDROVNA_KOLODINA.pdf', 0),
(127, 47, 'OXANA_MIKHAILOVNA_RYABIKINA.pdf', 0),
(128, 39, 'tickets for order №515718358.pdf', 0),
(129, 46, 'GALINA_NIKOLAEVNA_NIKIFOROVA.pdf', 1),
(130, 46, 'VALERIY_MIKHAYLOVICH_SVISTUSHKIN.pdf', 1),
(131, 46, 'GALINA_NIKOLAEVNA_NIKIFOROVA.pdf', 0),
(132, 46, 'VALERIY_MIKHAYLOVICH_SVISTUSHKIN.pdf', 0),
(133, 60, 'GALINA_NIKOLAEVNA_NIKIFOROVA.pdf', 1),
(134, 60, 'VALERIY_MIKHAYLOVICH_SVISTUSHKIN.pdf', 1),
(135, 63, 'GALINA_NIKOLAEVNA_NIKIFOROVA.pdf', 0),
(136, 63, 'VALERIY_MIKHAYLOVICH_SVISTUSHKIN.pdf', 0),
(137, 65, 'GALINA_NIKOLAEVNA_NIKIFOROVA.pdf', 0),
(138, 65, 'VALERIY_MIKHAYLOVICH_SVISTUSHKIN.pdf', 0),
(139, 73, 'GALINA_NIKOLAEVNA_NIKIFOROVA.pdf', 0),
(140, 73, 'VALERIY_MIKHAYLOVICH_SVISTUSHKIN.pdf', 0),
(141, 57, 'ANDREY_LEONIDOVICH_ZAPLATNIKOV.pdf', 0),
(142, 57, 'IRINA_NIKOLAEVNA_ZAKHAROVA.pdf', 0),
(143, 57, 'MARIYA_ALEXANDROVNA_KOLODINA.pdf', 0),
(144, 57, 'OXANA_MIKHAILOVNA_RYABIKINA.pdf', 0),
(145, 58, 'ВМ.pdf', 0),
(146, 58, 'ГН.pdf', 0),
(147, 58, 'СЕЛЕЗНЕВАКС_110ЭА_07-11-2019_T.pdf', 0),
(148, 58, 'СЕЛЕЗНЕВКВ_110ЭА_07-11-2019_T.pdf', 0),
(149, 92, 'ANNA_NIKOLAEVNA_BOGOLEPOVA.pdf', 0),
(150, 92, 'MARIYA_VLADIMIROVNA_VLASOVA.pdf', 0),
(151, 92, 'OLGA_ALEKSEEVNA_ANOSOVA.pdf', 0),
(152, 59, 'ЗАПЛАТНИКОВАЛ_067ЫА_09-11-2019_T.pdf', 1),
(153, 59, 'ЗАХАРОВАИН_067ЫА_09-11-2019_T.pdf', 1),
(154, 59, 'ЗАПЛАТНИКОВАЛ_055ЫА_10-11-2019_T.pdf', 1),
(155, 59, 'ЗАХАРОВАИН_055ЫА_10-11-2019_T.pdf', 1),
(156, 59, 'СЕЛЕЗНЕВАКС_055ЫА_10-11-2019_T.pdf', 0),
(157, 59, 'СЕЛЕЗНЕВКВ_055ЫА_10-11-2019_T.pdf', 0),
(158, 60, 'НИКИФОРОВАГН_072ЕА_09-11-2019_T.pdf', 1),
(159, 60, 'СВИСТУШКИНВМ_072ЕА_09-11-2019_T.pdf', 1),
(160, 60, 'MARIYA_ALEXANDROVNA_KOLODINA.pdf', 0),
(161, 60, 'OXANA_MIKHAILOVNA_RYABIKINA.pdf', 0),
(162, 93, 'ANNA_NIKOLAEVNA_BOGOLEPOVA.pdf', 1),
(163, 93, 'MARIYA_VLADIMIROVNA_VLASOVA.pdf', 0),
(164, 93, 'OLGA_ALEKSEEVNA_ANOSOVA.pdf', 0),
(165, 93, 'Краснодар-Мск ANNA_NIKOLAEVNA_BOGOLEPOVA.pdf', 0),
(166, 85, 'IRINA_NIKOLAEVNA_ZAKHAROVA.pdf', 0),
(167, 85, 'KONSTANTIN_VITALYEVICH_SELEZNEV.pdf', 0),
(168, 85, 'KRISTINA_SERGEEVNA_SELEZNEVA.pdf', 0),
(169, 85, 'IRINA_NIKOLAEVNA_ZAKHAROVA(1).pdf', 0),
(170, 62, 'Москва-Самара IRINA_NIKOLAEVNA_ZAKHAROVA.pdf', 0),
(171, 62, 'Мск-Самара ANDREY_LEONIDOVICH_ZAPLATNIKOV.pdf', 0),
(172, 62, 'MARIYA_ALEXANDROVNA_KOLODINA.pdf', 0),
(173, 62, 'OXANA_MIKHAILOVNA_RYABIKINA.pdf', 0),
(174, 64, 'Самара-Москва IRINA_NIKOLAEVNA_ZAKHAROVA.pdf', 0),
(175, 64, 'Самара-Мск ANDREY_LEONIDOVICH_ZAPLATNIKOV.pdf', 0),
(176, 64, 'KONSTANTIN_VITALYEVICH_SELEZNEV.pdf', 0),
(177, 64, 'KRISTINA_SERGEEVNA_SELEZNEVA.pdf', 0),
(178, 65, 'MARIYA_ALEXANDROVNA_KOLODINA.pdf', 0),
(179, 65, 'OXANA_MIKHAILOVNA_RYABIKINA.pdf', 0),
(180, 90, 'MARIYA_VLADIMIROVNA_VLASOVA.pdf', 0),
(181, 90, 'OLGA_ALEKSEEVNA_ANOSOVA.pdf', 0),
(182, 90, 'Мск-Уфа ANNA_NIKOLAEVNA_BOGOLEPOVA.pdf', 0),
(183, 90, 'MARIYA_VLADIMIROVNA_VLASOVA(1).pdf', 0),
(184, 90, 'OLGA_ALEKSEEVNA_ANOSOVA(1).pdf', 0),
(185, 90, 'Уфа-Мск ANNA_NIKOLAEVNA_BOGOLEPOVA.pdf', 0),
(186, 69, 'ВЛАСОВАНЛ_776АА_28-11-2019_T.pdf', 1),
(187, 69, 'ЗАХАРОВАИН_776АА_28-11-2019_T.pdf', 1),
(188, 69, 'Мск-Тверь ЗАПЛАТНИКОВАЛ_776АА_28-11-2019_T.pdf', 0),
(189, 69, 'Маша.pdf', 0),
(190, 69, 'Оксана.pdf', 0),
(191, 69, 'Тверь-Мск ЗАПЛАТНИОВАЛ_757АА_29-11-2019_T.pdf', 0),
(192, 69, 'Мск-СПб ЗАПЛАТНИКОВАЛ_778АА_29-11-2019_T.pdf', 0),
(193, 69, 'ВЛАСОВАНЛ_778АА_29-11-2019_T.pdf', 1),
(194, 69, 'Тверь-СПб ЗАХАРОВАИН_778АА_29-11-2019_T.pdf', 0),
(195, 70, 'ВЛАСОВАНЛ_778АА_29-11-2019_T.pdf', 1),
(196, 70, 'Тверь-СПб ЗАХАРОВАИН_778АА_29-11-2019_T.pdf', 0),
(197, 70, 'Мск-СПб ЗАПЛАТНИКОВАЛ_778АА_29-11-2019_T.pdf', 0),
(198, 70, 'Костя.pdf', 1),
(199, 70, 'Кристина.pdf', 0),
(200, 70, 'ВЛАСОВАНЛ_777АА_30-11-2019_T.pdf', 1),
(201, 70, 'СПб-Мск ЗАПЛАТНИОВАЛ_777АА_30-11-2019_T.pdf', 0),
(202, 72, 'Мск-Тверь НИКИФОРОВАГН_756АА_30-11-2019_T.pdf', 0),
(203, 72, 'Мск-Тверь СВИСТУШКИНВМ_756АА_30-11-2019_T.pdf', 0),
(204, 73, 'Тверь-СПб НИКИФОРОВАГН_770АА_30-11-2019_T.pdf', 0),
(205, 73, 'Тверь-СПб СВИСТУШКИНВМ_770АА_30-11-2019_T.pdf', 0),
(206, 72, 'Тверь-СПб НИКИФОРОВАГН_770АА_30-11-2019_T.pdf', 0),
(207, 72, 'Тверь-СПб СВИСТУШКИНВМ_770АА_30-11-2019_T.pdf', 0),
(208, 57, 'Пермь-Киров ЗАПЛАТНИКОВАЛ_067ЫА_09-11-2019_T.pdf', 0),
(209, 57, 'Пермь-Киров ЗАХАРОВАИН_067ЫА_09-11-2019_T.pdf', 0),
(210, 59, 'Пермь-Киров ЗАПЛАТНИКОВАЛ_067ЫА_09-11-2019_T.pdf', 0),
(211, 59, 'Пермь-Киров ЗАХАРОВАИН_067ЫА_09-11-2019_T.pdf', 0),
(212, 59, 'Киров-Москва ЗАХАРОВАИН_055ЫА_10-11-2019_T.pdf', 0),
(213, 59, 'Киров-Мск ЗАПЛАТНИКОВАЛ_055ЫА_10-11-2019_T.pdf', 0),
(214, 58, 'Киров-Пермь НИКИФОРОВАГН_072ЕА_09-11-2019_T.pdf', 0),
(215, 58, 'Киров-Пермь СВИСТУШКИНВМ_072ЕА_09-11-2019_T.pdf', 0),
(216, 60, 'Киров-Пермь НИКИФОРОВАГН_072ЕА_09-11-2019_T.pdf', 0),
(217, 60, 'Киров-Пермь СВИСТУШКИНВМ_072ЕА_09-11-2019_T.pdf', 0),
(218, 60, 'Пермь-Мск GALINA_NIKOLAEVNA_NIKIFOROVA.pdf', 0),
(219, 60, 'Пермь-Мск VALERIY_MIKHAYLOVICH_SVISTUSHKIN.pdf', 0),
(220, 69, 'Мск-Тверь ВЛАСОВАНЛ_776АА_28-11-2019_T.pdf', 0),
(221, 69, 'Мск-Тверь ЗАХАРОВАИН_776АА_28-11-2019_T.pdf', 0),
(222, 69, 'Тверь-СПб ВЛАСОВАНЛ_778АА_29-11-2019_T.pdf', 0),
(223, 70, 'Тверь-СПб ВЛАСОВАНЛ_778АА_29-11-2019_T.pdf', 0),
(224, 70, 'СПб-Мск ВЛАСОВАНЛ_777АА_30-11-2019_T.pdf', 0),
(225, 70, 'Костя.pdf', 0),
(226, 73, 'Костя.pdf', 0),
(227, 73, 'Кристина.pdf', 0);

-- --------------------------------------------------------

--
-- Table structure for table `event_type`
--

CREATE TABLE IF NOT EXISTS `event_type` (
  `id` int(11) NOT NULL AUTO_INCREMENT,
  `name` varchar(50) NOT NULL,
  `color` varchar(10) DEFAULT NULL,
  `is_deleted` tinyint(1) NOT NULL DEFAULT '0',
  PRIMARY KEY (`id`)
) ENGINE=InnoDB  DEFAULT CHARSET=utf8 AUTO_INCREMENT=7 ;

--
-- Dumping data for table `event_type`
--

INSERT INTO `event_type` (`id`, `name`, `color`, `is_deleted`) VALUES
(1, 'Конференция', NULL, 0),
(2, 'Вебинар', '#FFCCFF', 0),
(3, 'Семинар', NULL, 0),
(5, 'Другое', '#cccccc', 0),
(6, 'Московский семинар', '#FFFF80', 0);

-- --------------------------------------------------------

--
-- Table structure for table `field_type`
--

CREATE TABLE IF NOT EXISTS `field_type` (
  `id` int(11) NOT NULL AUTO_INCREMENT,
  `name` varchar(255) NOT NULL,
  PRIMARY KEY (`id`)
) ENGINE=InnoDB  DEFAULT CHARSET=utf8 AUTO_INCREMENT=8 ;

--
-- Dumping data for table `field_type`
--

INSERT INTO `field_type` (`id`, `name`) VALUES
(1, 'text'),
(2, 'select'),
(3, 'radio'),
(4, 'file'),
(5, 'date'),
(7, 'time');

-- --------------------------------------------------------

--
-- Table structure for table `finance_fields`
--

CREATE TABLE IF NOT EXISTS `finance_fields` (
  `id` int(11) NOT NULL AUTO_INCREMENT,
  `name` varchar(255) NOT NULL,
  `is_deleted` tinyint(1) NOT NULL DEFAULT '0',
  PRIMARY KEY (`id`)
) ENGINE=InnoDB  DEFAULT CHARSET=utf8 AUTO_INCREMENT=7 ;

--
-- Dumping data for table `finance_fields`
--

INSERT INTO `finance_fields` (`id`, `name`, `is_deleted`) VALUES
(3, 'Аренда', 0),
(4, 'Питание', 0),
(5, 'Проживание', 0),
(6, 'Билеты', 0);

-- --------------------------------------------------------

--
-- Table structure for table `finance_info`
--

CREATE TABLE IF NOT EXISTS `finance_info` (
  `id` int(11) NOT NULL AUTO_INCREMENT,
  `event_id` int(11) NOT NULL,
  `type_id` int(11) NOT NULL,
  `exist` tinyint(1) NOT NULL DEFAULT '0',
  `status` tinyint(1) NOT NULL DEFAULT '1',
  `comment` varchar(100) DEFAULT NULL,
  `is_deleted` tinyint(1) NOT NULL DEFAULT '0',
  PRIMARY KEY (`id`),
  KEY `type_id` (`type_id`),
  KEY `event_id` (`event_id`),
  KEY `status` (`status`)
) ENGINE=InnoDB  DEFAULT CHARSET=utf8 AUTO_INCREMENT=125 ;

--
-- Dumping data for table `finance_info`
--

INSERT INTO `finance_info` (`id`, `event_id`, `type_id`, `exist`, `status`, `comment`, `is_deleted`) VALUES
(1, 1, 3, 1, 1, 'Оплачен тест', 1),
(2, 1, 5, 1, 0, 'Оплата позже', 0),
(3, 4, 3, 1, 1, '', 0),
(4, 4, 4, 1, 1, '', 0),
(5, 5, 3, 1, 1, '', 0),
(6, 5, 4, 1, 1, '', 0),
(7, 5, 5, 1, 1, '', 0),
(8, 11, 3, 1, 1, '', 0),
(9, 11, 4, 1, 1, '', 0),
(10, 11, 5, 1, 1, '', 0),
(11, 10, 5, 1, 1, '', 0),
(12, 8, 5, 1, 1, '', 0),
(13, 4, 5, 1, 1, '', 0),
(14, 12, 5, 1, 1, '', 0),
(15, 12, 4, 1, 1, '', 0),
(16, 12, 3, 1, 1, '', 0),
(17, 8, 3, 1, 1, '', 0),
(18, 8, 4, 1, 1, '', 0),
(19, 17, 4, 1, 1, '', 0),
(20, 9, 4, 1, 1, '', 0),
(21, 13, 4, 1, 1, '', 0),
(22, 70, 3, 1, 1, 'Внесена предоплата за организацию мероприятия', 0),
(23, 73, 3, 1, 1, 'Внесена предоплата за организацию мероприятия', 0),
(24, 20, 3, 1, 1, '', 0),
(25, 20, 4, 1, 1, '', 0),
(26, 25, 3, 1, 1, '', 0),
(27, 28, 3, 1, 1, '', 0),
(28, 26, 3, 1, 1, '', 0),
(29, 27, 3, 1, 1, '', 0),
(30, 27, 4, 1, 1, '', 0),
(31, 26, 4, 1, 1, '', 0),
(32, 26, 5, 1, 1, '', 0),
(33, 27, 5, 1, 1, '', 0),
(34, 25, 4, 1, 1, '', 0),
(35, 28, 4, 1, 1, '', 0),
(36, 28, 5, 1, 1, '', 0),
(37, 25, 5, 1, 1, '', 0),
(38, 23, 3, 1, 1, '', 0),
(39, 23, 4, 1, 1, '', 0),
(40, 23, 5, 1, 1, '', 0),
(41, 31, 3, 1, 1, '', 0),
(42, 31, 4, 1, 1, '', 0),
(43, 32, 3, 1, 1, '', 0),
(44, 32, 4, 1, 1, '', 0),
(45, 32, 5, 1, 1, '', 0),
(46, 31, 5, 1, 1, '', 0),
(47, 30, 3, 1, 1, '', 0),
(48, 30, 4, 1, 1, '', 0),
(49, 33, 3, 1, 1, '', 0),
(50, 33, 4, 1, 1, '', 0),
(51, 30, 5, 1, 1, '', 0),
(52, 33, 5, 1, 1, '', 0),
(53, 36, 3, 1, 1, '', 0),
(54, 36, 4, 1, 1, '', 0),
(55, 35, 3, 1, 1, '', 0),
(56, 35, 4, 1, 1, '', 0),
(57, 93, 3, 1, 1, '', 0),
(58, 63, 3, 1, 1, '', 0),
(59, 39, 3, 1, 1, '', 0),
(60, 39, 4, 1, 1, '', 0),
(61, 39, 5, 1, 1, '', 0),
(62, 40, 3, 1, 1, '', 0),
(63, 40, 4, 1, 1, '', 0),
(64, 40, 5, 1, 1, '', 0),
(65, 38, 3, 1, 1, '', 0),
(66, 38, 4, 1, 1, '', 0),
(67, 38, 5, 1, 1, '', 0),
(68, 41, 3, 1, 1, '', 0),
(69, 41, 4, 1, 1, '', 0),
(70, 41, 5, 1, 1, '', 0),
(71, 43, 3, 1, 1, '', 0),
(72, 43, 4, 1, 1, '', 0),
(73, 43, 5, 1, 1, '', 0),
(74, 46, 3, 1, 1, '', 0),
(75, 46, 4, 1, 1, '', 0),
(76, 46, 5, 1, 1, '', 0),
(77, 47, 3, 1, 1, '', 0),
(78, 47, 4, 1, 1, '', 0),
(79, 47, 5, 1, 1, '', 0),
(80, 45, 3, 1, 1, '', 0),
(81, 45, 4, 1, 1, '', 0),
(82, 45, 5, 1, 1, '', 0),
(83, 103, 3, 1, 1, '', 0),
(84, 103, 4, 1, 1, '', 0),
(85, 103, 5, 1, 1, '', 0),
(86, 52, 4, 1, 1, '', 0),
(87, 57, 3, 1, 1, '', 0),
(88, 57, 4, 1, 1, '', 0),
(89, 57, 5, 1, 1, '', 0),
(90, 57, 6, 0, 0, 'Трансферы  (аэропорт-отель-аэропорт)', 0),
(91, 60, 3, 1, 1, '', 0),
(92, 60, 4, 1, 1, '', 0),
(93, 60, 5, 1, 1, '', 0),
(94, 58, 5, 1, 1, '', 0),
(95, 59, 5, 1, 1, '', 0),
(96, 58, 4, 1, 1, '', 0),
(97, 59, 4, 1, 1, '', 0),
(98, 55, 3, 1, 1, '', 0),
(99, 55, 4, 1, 1, '', 0),
(100, 99, 4, 1, 1, '', 0),
(101, 99, 3, 1, 1, '', 0),
(102, 93, 4, 1, 1, '', 0),
(103, 93, 5, 1, 1, '', 0),
(104, 92, 3, 1, 1, '', 0),
(105, 92, 4, 1, 1, '', 0),
(106, 92, 5, 1, 1, '', 0),
(107, 58, 3, 1, 1, '', 0),
(108, 85, 3, 1, 1, '', 0),
(109, 85, 4, 1, 1, '', 0),
(110, 85, 5, 1, 1, '', 0),
(111, 62, 3, 1, 1, '', 0),
(112, 62, 4, 1, 1, '', 0),
(113, 62, 5, 1, 1, '', 0),
(114, 65, 3, 1, 1, '', 0),
(115, 65, 4, 1, 1, '', 0),
(116, 65, 5, 1, 1, '', 0),
(117, 90, 3, 1, 1, '', 0),
(118, 90, 4, 1, 1, '', 0),
(119, 90, 5, 1, 1, '', 0),
(120, 64, 3, 1, 1, '', 0),
(121, 64, 5, 1, 1, '', 0),
(122, 64, 4, 1, 1, '', 0),
(123, 63, 4, 1, 1, '', 0),
(124, 63, 5, 1, 1, '', 0);

-- --------------------------------------------------------

--
-- Table structure for table `info_fields`
--

CREATE TABLE IF NOT EXISTS `info_fields` (
  `id` int(11) NOT NULL AUTO_INCREMENT,
  `type_id` int(11) NOT NULL DEFAULT '1',
  `name` varchar(255) NOT NULL,
  `options` text,
  `has_comment` tinyint(1) NOT NULL DEFAULT '0',
  `position` int(11) NOT NULL,
  `is_deleted` tinyint(1) NOT NULL DEFAULT '0',
  PRIMARY KEY (`id`),
  KEY `type_id` (`type_id`)
) ENGINE=InnoDB  DEFAULT CHARSET=utf8 AUTO_INCREMENT=35 ;

--
-- Dumping data for table `info_fields`
--

INSERT INTO `info_fields` (`id`, `type_id`, `name`, `options`, `has_comment`, `position`, `is_deleted`) VALUES
(4, 4, 'Программа', NULL, 0, 1, 0),
(5, 1, 'Участники', NULL, 0, 2, 0),
(6, 4, 'Приглашения', NULL, 1, 3, 0),
(8, 3, 'Брошюры', '{"1": "Отданы в печать", "2": "Получены"}', 1, 4, 0),
(10, 3, 'Портфели', '{"1": "Не собраны", "2": "Собраны"}', 1, 5, 0),
(12, 5, 'Дата отгрузки', NULL, 0, 7, 0),
(13, 5, 'Прием материалов отелем', NULL, 0, 9, 0),
(14, 1, 'Площадка', NULL, 0, 6, 0),
(15, 1, 'Адрес', NULL, 0, 8, 0),
(16, 7, 'Начало', NULL, 0, 10, 0),
(17, 7, 'Обед', NULL, 0, 11, 0),
(18, 7, 'Конец', NULL, 0, 12, 0),
(19, 3, 'Билеты (туда)', '{"1": "Не куплены", "2": "Куплены"}', 0, 13, 0),
(20, 3, 'Проживание', '{"1": "Не оплачено", "2": "Оплачено"}', 0, 14, 0),
(21, 3, 'Питание', '{"1": "Не оплачено", "2": "Оплачено"}', 0, 15, 0),
(22, 3, 'Аренда', '{"1": "Не оплачена", "2": "Оплачена"}', 0, 16, 0),
(23, 1, 'Примечания', NULL, 0, 17, 0),
(34, 2, 'TEST', '{"1":"Опция 1","2":"Опция 2"}', 1, 18, 1);

-- --------------------------------------------------------

--
-- Table structure for table `logistic_fields`
--

CREATE TABLE IF NOT EXISTS `logistic_fields` (
  `id` int(11) NOT NULL AUTO_INCREMENT,
  `name` varchar(255) NOT NULL,
  `is_deleted` tinyint(1) NOT NULL DEFAULT '0',
  PRIMARY KEY (`id`)
) ENGINE=InnoDB  DEFAULT CHARSET=utf8 AUTO_INCREMENT=4 ;

--
-- Dumping data for table `logistic_fields`
--

INSERT INTO `logistic_fields` (`id`, `name`, `is_deleted`) VALUES
(1, 'Водитель', 0),
(2, 'Сопровожд.', 0),
(3, 'Лекторат', 0);

-- --------------------------------------------------------

--
-- Table structure for table `logistic_info`
--

CREATE TABLE IF NOT EXISTS `logistic_info` (
  `id` int(11) NOT NULL AUTO_INCREMENT,
  `event_id` int(11) NOT NULL,
  `type_id` int(11) NOT NULL,
  `persons` varchar(255) NOT NULL,
  `to_means` int(11) DEFAULT NULL,
  `to_date` date DEFAULT NULL,
  `to_time` varchar(10) DEFAULT NULL,
  `living_from` date DEFAULT NULL,
  `living_to` date DEFAULT NULL,
  `between_means` int(11) DEFAULT NULL,
  `between_date` date DEFAULT NULL,
  `between_time` varchar(10) DEFAULT NULL,
  `home_means` int(11) DEFAULT NULL,
  `home_date` date DEFAULT NULL,
  `home_time` varchar(10) DEFAULT NULL,
  `to_arrival` varchar(10) DEFAULT NULL,
  `between_arrival` varchar(10) DEFAULT NULL,
  `home_arrival` varchar(10) DEFAULT NULL,
  `is_deleted` tinyint(1) NOT NULL DEFAULT '0',
  PRIMARY KEY (`id`),
  KEY `event_id` (`event_id`),
  KEY `type_id` (`type_id`),
  KEY `between_means` (`between_means`),
  KEY `home_means` (`home_means`),
  KEY `to_means` (`to_means`)
) ENGINE=InnoDB  DEFAULT CHARSET=utf8 AUTO_INCREMENT=44 ;

--
-- Dumping data for table `logistic_info`
--

INSERT INTO `logistic_info` (`id`, `event_id`, `type_id`, `persons`, `to_means`, `to_date`, `to_time`, `living_from`, `living_to`, `between_means`, `between_date`, `between_time`, `home_means`, `home_date`, `home_time`, `to_arrival`, `between_arrival`, `home_arrival`, `is_deleted`) VALUES
(1, 14, 1, 'KOLACEK SANJA', 1, '2019-05-23', '00:05', '2019-05-22', '2019-05-23', NULL, NULL, NULL, 1, '2019-05-23', '16:00', NULL, NULL, NULL, 1),
(2, 14, 3, 'Захарова И.Н.', 3, '2019-05-23', NULL, NULL, NULL, NULL, NULL, NULL, 3, '2019-05-23', NULL, NULL, NULL, NULL, 1),
(3, 16, 3, 'Свистушкин В.М.', 1, '2019-04-26', '22:25', '2019-04-26', '2019-04-28', NULL, NULL, NULL, 1, '2019-04-28', '05:50', NULL, NULL, NULL, 0),
(4, 16, 3, 'Никифорова Г.Н.', 1, '2019-04-26', '22:25', '2019-04-26', '2019-04-28', NULL, NULL, NULL, 1, '2019-04-28', '05:50', NULL, NULL, NULL, 0),
(5, 1, 1, 'Vlad', 3, '2019-04-09', '12:40', '2019-04-10', '2019-04-12', 3, '2019-04-11', '10:10', 1, '2019-04-20', '14:15', NULL, NULL, NULL, 0),
(6, 16, 2, 'Рябикина, Колодина', 1, '2019-04-26', '06:15', '2019-04-26', '2019-04-28', NULL, NULL, NULL, 1, '2019-04-28', '05:50', NULL, NULL, NULL, 0),
(7, 4, 2, 'Селезневы', 1, '2019-05-17', '08:25', '2019-05-17', '2019-05-18', 2, '2019-05-18', '19:15', NULL, NULL, '', '13:15', '06:57', '', 0),
(8, 4, 3, 'Захарова И.Н.', 1, '2019-05-17', '14:00', '2019-05-17', '2019-05-18', 2, '2019-05-18', '19:15', NULL, NULL, '', '18:50', '06:57', '', 0),
(9, 4, 3, 'Заплатников А.Л.', 1, '2019-05-17', '23:40', '2019-05-17', '2019-05-18', 2, '2019-05-18', '19:15', NULL, NULL, '', '04:25', '06:57', '', 0),
(10, 5, 2, 'Селезневы', NULL, NULL, '', '2019-05-19', '2019-05-20', NULL, NULL, '', 1, '2019-05-20', '04:45', '', '', '06:15', 0),
(11, 5, 3, 'Захарова И.Н.', NULL, NULL, '', '2019-05-19', '2019-05-20', NULL, NULL, '', 1, '2019-05-20', '04:45', '', '', '06:15', 0),
(12, 5, 3, 'Заплатников А.Л.', NULL, NULL, '', '2019-05-19', '2019-05-20', NULL, NULL, '', 1, '2019-05-20', '04:45', '', '', '06:15', 0),
(13, 8, 3, 'KOLACEK SANJA', 1, '2019-05-22', '17:20', '2019-05-22', '2019-05-23', NULL, NULL, '', 1, '2019-05-23', '16:00', '00:05', '', '', 0),
(14, 11, 2, 'Рябикина, Колодина', 1, '2019-05-24', '06:40', '2019-05-24', '2019-05-25', 1, '2019-05-25', '21:40', NULL, NULL, '', '11:45', '23:30', '', 0),
(15, 11, 3, 'Свистушкин В.М.', 1, '2019-05-24', '21:45', '2019-05-24', '2019-05-25', 1, '2019-05-25', '21:40', NULL, NULL, '', '03:00', '23:30', '', 0),
(16, 11, 3, 'Никифорова Г.Н.', 1, '2019-05-24', '21:45', '2019-05-24', '2019-05-25', 1, '2019-05-25', '21:40', NULL, NULL, '', '03:00', '23:30', '', 0),
(17, 10, 2, 'Селезневы', 1, '2019-05-25', '16:00', '2019-05-25', '2019-05-26', NULL, NULL, '', 2, '2019-05-26', '20:00', '17:45', '', '07:10', 0),
(18, 10, 2, 'Власова Н.Л.', 2, '2019-05-25', '20:50', '2019-05-25', '2019-05-26', NULL, NULL, '', 2, '2019-05-26', '20:00', '08:00', '', '07:10', 0),
(19, 10, 3, 'Захарова И.Н.', 2, '2019-05-25', '20:50', '2019-05-25', '2019-05-26', NULL, NULL, '', 2, '2019-05-26', '20:00', '08:00', '', '07:10', 0),
(20, 10, 3, 'Заплатников А.Л.', 2, '2019-05-25', '20:50', '2019-05-25', '2019-05-26', NULL, NULL, '', 2, '2019-05-26', '20:00', '08:00', '', '07:10', 0),
(21, 12, 2, 'Рябикина, Колодина', NULL, NULL, '', '2019-05-25', '2019-05-26', NULL, NULL, '', 1, '2019-05-26', '19:55', '', '', '20:55', 0),
(22, 12, 3, 'Свистушкин В.М.', NULL, NULL, '', '2019-05-25', '2019-05-26', NULL, NULL, '', 1, '2019-05-26', '19:55', '', '', '20:55', 0),
(23, 12, 3, 'Никифорова Г.Н.', NULL, NULL, '', '2019-05-25', '2019-05-26', NULL, NULL, '', 1, '2019-05-26', '19:55', '', '', '20:55', 0),
(24, 7, 2, 'Аносова ', 2, '2019-05-31', '19:30', '2019-05-31', '2019-06-02', NULL, NULL, '', 2, '2019-06-02', '19:10', '23:25', '', '23:15', 0),
(25, 7, 2, 'Рябикина', 2, '2019-05-31', '19:30', '2019-05-31', '2019-06-02', NULL, NULL, '', 2, '2019-06-02', '20:35', '23:25', '', '22:00', 0),
(26, 7, 2, 'Колодина', 1, '2019-05-30', '20:40', '2019-05-31', '2019-06-02', NULL, NULL, '', 1, '2019-06-02', '17:35', '22:05', '', '19:00', 0),
(27, 32, 3, 'З и З', NULL, NULL, '', NULL, NULL, 3, NULL, '', 1, '2022-09-22', '19:10', '', '', '21:35', 0),
(28, 31, 3, 'Свист и Ник', 1, '2020-09-19', '21:50', NULL, NULL, 3, NULL, '', NULL, NULL, '', '00:05', '', '', 0),
(29, 31, 2, 'Оксана, Маша', 1, '2020-09-19', '06:00', NULL, NULL, 3, NULL, '', NULL, NULL, '', '08:25', '', '', 0),
(30, 25, 3, 'Все', NULL, NULL, '', NULL, NULL, 3, NULL, '', NULL, NULL, '', '', '', '', 0),
(31, 26, 3, 'Все', NULL, NULL, '', NULL, NULL, 3, NULL, '', NULL, NULL, '', '', '', '', 0),
(32, 27, 3, 'Все', NULL, NULL, '', NULL, NULL, 3, NULL, '', NULL, NULL, '', '', '', '', 0),
(33, 28, 3, 'Все', NULL, NULL, '', NULL, NULL, 3, NULL, '', NULL, NULL, '', '', '', '', 0),
(34, 30, 3, 'Все', NULL, NULL, '', NULL, NULL, 3, NULL, '', NULL, NULL, '', '', '', '', 0),
(35, 33, 3, 'Все', NULL, NULL, '', NULL, NULL, 3, NULL, '', NULL, NULL, '', '', '', '', 0),
(36, 38, 3, 'З и З, НЛ', 2, NULL, '', NULL, NULL, 3, NULL, '', NULL, NULL, '', '', '', '', 0),
(37, 40, 3, 'З и З, НЛ', 3, NULL, '', NULL, NULL, 3, NULL, '', 3, NULL, '', '', '', '', 0),
(38, 41, 3, 'Свистушкины', 3, NULL, '', NULL, NULL, 3, NULL, '', 3, NULL, '', '', '', '', 0),
(39, 85, 2, 'Кристина, Костя', NULL, NULL, '', NULL, NULL, 3, NULL, '', NULL, NULL, '', '', '', '', 0),
(40, 62, 3, 'З и З', NULL, NULL, '', NULL, NULL, 3, NULL, '', NULL, NULL, '', '', '', '', 0),
(41, 63, 2, 'Кристина, Костя', NULL, NULL, '', NULL, NULL, 3, NULL, '', NULL, NULL, '', '', '', '', 0),
(42, 65, 3, 'Свист и Ник', NULL, NULL, '', NULL, NULL, 3, NULL, '', NULL, NULL, '', '', '', '', 0),
(43, 72, 2, 'О и М', NULL, NULL, '', NULL, NULL, NULL, NULL, '', 3, NULL, '', '', '', '', 0);

-- --------------------------------------------------------

--
-- Table structure for table `logistic_means`
--

CREATE TABLE IF NOT EXISTS `logistic_means` (
  `id` int(11) NOT NULL AUTO_INCREMENT,
  `name` varchar(50) NOT NULL,
  `is_deleted` tinyint(1) NOT NULL DEFAULT '0',
  PRIMARY KEY (`id`)
) ENGINE=InnoDB  DEFAULT CHARSET=utf8 AUTO_INCREMENT=4 ;

--
-- Dumping data for table `logistic_means`
--

INSERT INTO `logistic_means` (`id`, `name`, `is_deleted`) VALUES
(1, 'авиа', 0),
(2, 'ж/д', 0),
(3, 'авто', 0);

-- --------------------------------------------------------

--
-- Table structure for table `mossem_fields`
--

CREATE TABLE IF NOT EXISTS `mossem_fields` (
  `id` int(11) NOT NULL AUTO_INCREMENT,
  `type_id` int(11) NOT NULL,
  `name` varchar(100) NOT NULL,
  `options` text,
  `has_comment` tinyint(1) NOT NULL DEFAULT '0',
  `position` int(3) NOT NULL,
  `is_deleted` tinyint(1) NOT NULL DEFAULT '0',
  PRIMARY KEY (`id`),
  KEY `type_id` (`type_id`)
) ENGINE=InnoDB  DEFAULT CHARSET=utf8 AUTO_INCREMENT=6 ;

--
-- Dumping data for table `mossem_fields`
--

INSERT INTO `mossem_fields` (`id`, `type_id`, `name`, `options`, `has_comment`, `position`, `is_deleted`) VALUES
(1, 3, 'Баннеры', '{"1":"не требуются","2":"не заказаны","3":"заказаны","4":"готовы"}', 1, 1, 0),
(2, 3, 'Аппаратура', '{"1":"не требуется","2":"заказана","3":"не заказана"}', 1, 2, 0),
(3, 3, 'Мебель', '{"1":"не требуется","2":"заказана","3":"не заказана"}', 1, 3, 0),
(4, 3, 'Флористика', '{"1":"не требуется","2":"требуется"}', 1, 4, 0),
(5, 3, 'Застройка стенда 	', '{"1":"не требуется","2":"требуется"}', 1, 5, 0);

-- --------------------------------------------------------

--
-- Table structure for table `mossem_info`
--

CREATE TABLE IF NOT EXISTS `mossem_info` (
  `id` int(11) NOT NULL AUTO_INCREMENT,
  `mossem_id` int(11) NOT NULL,
  `field_id` int(11) NOT NULL,
  `value` varchar(300) DEFAULT NULL,
  `comment` varchar(300) DEFAULT NULL,
  PRIMARY KEY (`id`)
) ENGINE=InnoDB DEFAULT CHARSET=utf8 AUTO_INCREMENT=1 ;

-- --------------------------------------------------------

--
-- Table structure for table `sponsor_info`
--

CREATE TABLE IF NOT EXISTS `sponsor_info` (
  `id` int(11) NOT NULL AUTO_INCREMENT,
  `event_id` int(11) NOT NULL,
  `type_id` int(11) NOT NULL,
  `name` varchar(255) NOT NULL,
  `is_deleted` tinyint(1) NOT NULL DEFAULT '0',
  PRIMARY KEY (`id`),
  KEY `event_id` (`event_id`),
  KEY `type_id` (`type_id`)
) ENGINE=InnoDB  DEFAULT CHARSET=utf8 AUTO_INCREMENT=599 ;

--
-- Dumping data for table `sponsor_info`
--

INSERT INTO `sponsor_info` (`id`, `event_id`, `type_id`, `name`, `is_deleted`) VALUES
(1, 1, 1, 'Спонсор1', 1),
(2, 2, 3, 'Пока нет', 0),
(3, 6, 2, 'Акрихин', 0),
(4, 3, 2, 'Анджелини', 0),
(5, 4, 3, 'Альпен Фарма', 1),
(6, 4, 2, 'Астеллас Фарма', 0),
(7, 4, 1, 'Астра Зенека', 0),
(8, 4, 3, 'Босналек', 0),
(9, 4, 3, 'Материа Медика Холдинг', 0),
(10, 4, 3, 'Бионорика', 0),
(11, 4, 3, 'Фармамед', 0),
(12, 4, 3, 'Доктор Вильмар Швабе', 0),
(13, 4, 3, 'Кабрита', 0),
(14, 4, 3, 'Сандоз', 0),
(15, 4, 1, 'Хеель', 0),
(16, 4, 3, 'Отисифарм', 0),
(17, 4, 2, 'Акрихин', 0),
(18, 4, 3, 'Эбботт', 0),
(19, 4, 3, 'Ферон', 0),
(20, 4, 3, 'Буарон', 0),
(21, 4, 3, 'Ипсен', 0),
(22, 4, 3, 'Гедеон Рихтер', 1),
(23, 4, 1, 'Штада', 0),
(24, 4, 3, 'Гленмарк Импэкс', 0),
(25, 4, 3, 'Микромир', 0),
(26, 4, 3, 'Байер', 0),
(27, 4, 3, 'Атлантик(только вложение)', 0),
(28, 4, 3, 'Алкалойд-Рус(только стенд)', 0),
(29, 4, 1, 'Гедеон Рихтер', 0),
(30, 5, 2, 'Астеллас Фарма', 0),
(31, 5, 1, 'Астра Зенека', 0),
(32, 5, 3, 'Материа Медика Холдинг', 0),
(33, 5, 3, 'Фармамед', 0),
(34, 5, 3, 'Кабрита', 0),
(35, 5, 3, 'Сандоз', 0),
(36, 5, 2, 'Акрихин', 0),
(37, 5, 3, 'Гленмарк Импэкс', 0),
(38, 5, 3, 'Байер', 0),
(39, 5, 3, 'Атлантик(только вложение)', 0),
(40, 8, 2, 'Нутриция', 0),
(41, 9, 3, 'Гедеон Рихтер', 0),
(42, 9, 3, 'Беллакт', 0),
(43, 9, 3, 'Штада', 0),
(44, 9, 3, 'Рекитт Бенкизер', 0),
(45, 9, 3, 'Литтл Доктор', 0),
(46, 9, 3, 'Буарон', 0),
(47, 9, 3, 'Астеллас Фарма', 0),
(48, 9, 3, 'Акрихин', 0),
(49, 9, 3, 'Ипсен', 0),
(50, 9, 3, 'Хироу рус', 0),
(51, 9, 3, 'Доктор Вильмар Швабе', 0),
(52, 9, 3, 'Нестле', 0),
(53, 9, 3, 'Гриппферон', 0),
(54, 9, 3, 'Анджелини', 0),
(55, 11, 2, 'Астеллас Фарма', 0),
(56, 11, 3, 'Гленмарк Импэкс', 0),
(57, 11, 3, 'Микромир', 0),
(58, 10, 3, 'Материа Медика Холдинг', 0),
(59, 10, 3, 'Доктор Вильмар Швабе', 0),
(60, 10, 1, 'Хеель', 0),
(61, 10, 2, 'Акрихин', 0),
(62, 10, 3, 'Буарон', 0),
(63, 10, 1, 'Гедеон Рихтер', 0),
(64, 10, 1, 'Штада', 0),
(65, 10, 3, 'Гленмарк Импэкс', 0),
(66, 10, 3, 'Оболенское', 0),
(67, 10, 3, 'Алкалойд-Рус', 0),
(68, 10, 3, 'Атлантик(только вложение)', 0),
(69, 12, 2, 'Астеллас Фарма', 0),
(70, 12, 3, 'Босналек', 0),
(71, 12, 3, 'Бионорика', 0),
(72, 12, 3, 'Гленмарк Импэкс', 0),
(73, 12, 3, 'Буарон', 0),
(74, 12, 3, 'Микромир', 0),
(75, 13, 2, 'Акрихин', 0),
(76, 7, 3, 'Акрихин', 1),
(77, 7, 2, 'Акрихин', 0),
(78, 14, 2, 'Акрихин', 0),
(79, 16, 2, 'Астеллас Фарма', 0),
(80, 16, 3, 'Бионорика', 0),
(81, 16, 3, 'Гленмарк Импэкс', 0),
(82, 16, 3, 'Гленмарк Импэкс', 1),
(83, 16, 3, 'Оболенское', 0),
(84, 16, 3, 'Алвоген Фарма', 0),
(85, 16, 3, 'Микромир', 0),
(86, 16, 3, 'ПФК Обновление', 0),
(87, 8, 3, 'Босналек', 0),
(88, 1, 2, 'TEVA', 0),
(89, 2, 1, 'Тест', 0),
(90, 9, 3, 'Хеель', 0),
(91, 18, 2, 'Акрихин', 0),
(92, 19, 2, 'Акрихин', 0),
(93, 20, 2, 'Акрихин', 0),
(94, 20, 1, 'Астеллас Фарма', 0),
(95, 20, 3, 'Микромир', 0),
(96, 23, 2, 'Акрихин', 0),
(97, 24, 2, 'Дельта Медикел', 0),
(98, 25, 2, 'Астеллас Фарма', 0),
(99, 25, 3, 'Материа Медика Холдинг', 0),
(100, 25, 3, 'Бионорика', 0),
(101, 25, 3, 'Фармамед', 0),
(102, 25, 3, 'Хеель', 1),
(103, 25, 1, 'Хеель', 0),
(104, 25, 3, 'Отисифарм', 0),
(105, 25, 2, 'Акрихин', 0),
(106, 25, 3, 'Ферон', 0),
(107, 25, 1, 'Тева', 1),
(108, 25, 3, 'Гленмарк Импэкс', 0),
(109, 25, 3, 'Атлантик(только вложение)', 0),
(110, 25, 3, 'Алкалойд-Рус (стенд)', 0),
(111, 25, 3, 'Тева', 0),
(112, 26, 2, 'Астеллас Фарма', 0),
(113, 26, 3, 'Босналек', 0),
(114, 26, 3, 'Бионорика', 0),
(115, 26, 3, 'Рекордати ?', 1),
(116, 26, 3, 'Обновление', 0),
(117, 27, 2, 'Астеллас Фарма', 0),
(118, 27, 3, 'Материа Медика Холдинг', 0),
(119, 27, 3, 'Бионорика', 0),
(120, 27, 3, 'Фармамед', 0),
(121, 27, 1, 'Хеель', 0),
(122, 27, 2, 'Акрихин', 0),
(123, 27, 3, 'Эбботт', 0),
(124, 27, 3, 'Гленмарк Импэкс', 0),
(125, 27, 3, 'Атлантик(только вложение)', 0),
(126, 27, 3, 'Босналек', 0),
(127, 27, 3, 'Алкалойд-Рус(только стенд)', 0),
(128, 28, 2, 'Астеллас Фарма', 0),
(129, 28, 3, 'Бионорика', 0),
(130, 28, 3, 'Обновление', 0),
(131, 29, 2, 'Акрихин', 0),
(132, 30, 2, 'Астеллас Фарма', 0),
(133, 30, 3, 'Материа Медика Холдинг', 0),
(134, 30, 3, 'Фармамед', 0),
(135, 30, 3, 'Кабрита', 0),
(136, 30, 3, 'Сандоз', 0),
(137, 30, 1, 'Хеель', 0),
(138, 30, 3, 'Отисифарм', 0),
(139, 30, 3, 'Дельта Медикел', 0),
(140, 30, 2, 'Акрихин', 0),
(141, 30, 3, 'Фрутоняня', 0),
(142, 30, 3, 'Эбботт', 0),
(143, 30, 3, 'Ферон', 0),
(144, 30, 3, 'Буарон', 0),
(145, 30, 3, 'Астра Зенека', 1),
(146, 30, 1, 'Астра Зенека', 0),
(147, 30, 1, 'Гедеон Рихтер', 0),
(148, 30, 1, 'Штада', 1),
(149, 30, 3, 'Гленмарк Импэкс', 0),
(150, 30, 3, 'Микромир', 0),
(151, 30, 3, 'Атлантик(только вложение)', 0),
(152, 30, 3, 'Атлантик(только вложение)', 1),
(153, 30, 3, 'Нестле', 0),
(154, 30, 3, 'Алкалойд-Рус (стенд)', 0),
(155, 30, 3, 'Юник', 0),
(156, 30, 3, 'Нутриция', 0),
(157, 31, 2, 'Астеллас Фарма', 0),
(158, 31, 3, 'Вертекс', 0),
(159, 31, 3, 'Рекордати ?', 1),
(160, 31, 3, 'Гленмарк Импэкс', 0),
(161, 31, 3, 'Обновление', 0),
(162, 31, 3, 'Микромир', 0),
(163, 32, 2, 'Астеллас Фарма', 0),
(164, 32, 3, 'Материа Медика Холдинг', 0),
(165, 32, 3, 'Бионорика', 0),
(166, 32, 3, 'Фармамед', 0),
(167, 32, 3, 'Сандоз', 0),
(168, 32, 1, 'Хеель', 0),
(169, 32, 3, 'Отисифарм', 0),
(170, 32, 3, 'Дельта Медикел', 0),
(171, 32, 2, 'Акрихин', 0),
(172, 32, 3, 'Эбботт', 0),
(173, 32, 3, 'Буарон', 0),
(174, 32, 3, 'Бибиколь', 0),
(175, 32, 1, 'Гедеон Рихтер', 0),
(176, 32, 1, 'Штада', 1),
(177, 32, 3, 'Гленмарк Импэкс', 0),
(178, 32, 3, 'Микромир', 0),
(179, 32, 3, 'Атлантик(только вложение)', 0),
(180, 32, 3, 'Оболенское', 0),
(181, 32, 3, 'Алкалойд-Рус(только стенд)', 0),
(182, 32, 3, 'Юник', 0),
(183, 32, 3, 'Нутриция', 0),
(184, 33, 2, 'Астеллас Фарма', 0),
(185, 33, 3, 'Босналек', 0),
(186, 33, 3, 'Бионорика', 1),
(187, 33, 3, 'Рекордати ?', 1),
(188, 33, 3, 'Гленмарк Импэкс', 0),
(189, 33, 3, 'Обновление', 0),
(190, 33, 3, 'Микромир', 0),
(191, 33, 3, 'Вертекс', 0),
(192, 33, 3, 'Оболенское', 0),
(193, 34, 2, 'Дельта Медикел', 1),
(194, 35, 2, 'Астеллас Фарма', 0),
(195, 35, 3, 'Материа Медика Холдинг', 0),
(196, 35, 3, 'Материа Медика Холдинг', 1),
(197, 35, 3, 'Фармамед', 1),
(198, 35, 3, 'Хеель', 1),
(199, 35, 3, 'Отисифарм', 0),
(200, 35, 2, 'Акрихин', 1),
(201, 35, 3, 'Байер', 0),
(202, 35, 3, 'Буарон', 0),
(203, 35, 3, 'Нестле ???', 1),
(204, 35, 3, 'Анджелини', 0),
(205, 35, 1, 'Хеель', 0),
(206, 35, 3, 'Гленмарк Импэкс', 0),
(207, 35, 3, 'Атлантик Полноценно', 0),
(208, 35, 3, 'Эбботт ???', 1),
(209, 35, 3, 'Гриппферон', 1),
(210, 35, 3, 'Гедеон Рихтер', 0),
(211, 35, 3, 'Хироу рус', 1),
(212, 35, 3, 'Доктор Вильмар Швабе ??', 1),
(213, 36, 2, 'Акрихин', 0),
(214, 38, 2, 'Астеллас Фарма', 0),
(215, 38, 3, 'Материа Медика Холдинг', 0),
(216, 38, 3, 'Бионорика', 0),
(217, 38, 2, 'Акрихин', 0),
(218, 38, 3, 'Ферон ?', 1),
(219, 38, 3, 'Гленмарк Импэкс', 0),
(220, 38, 3, 'Микромир', 0),
(221, 38, 3, 'Атлантик(только вложение)', 1),
(222, 38, 3, 'Алкалойд-Рус (стенд)', 0),
(223, 38, 3, 'Нутриция', 0),
(224, 39, 2, 'Астеллас Фарма', 0),
(225, 39, 3, 'Бионорика', 0),
(226, 39, 3, 'Материа Медика Холдинг', 1),
(227, 39, 3, 'Обновление', 0),
(228, 39, 3, 'Микромир', 0),
(229, 39, 3, 'Микромир', 1),
(230, 39, 3, 'Оболенское', 1),
(231, 40, 2, 'Астеллас Фарма', 0),
(232, 40, 3, 'Материа Медика Холдинг', 0),
(233, 40, 3, 'Бионорика', 0),
(234, 40, 3, 'Сандоз', 1),
(235, 40, 1, 'Хеель', 0),
(236, 40, 3, 'Отисифарм', 0),
(237, 40, 3, 'Дельта Медикел', 0),
(238, 40, 2, 'Акрихин', 0),
(239, 40, 3, 'Фрутоняня', 0),
(240, 40, 3, 'Эбботт', 0),
(241, 40, 3, 'Буарон', 0),
(242, 40, 1, 'Гедеон Рихтер', 0),
(243, 40, 3, 'Тева', 0),
(244, 40, 3, 'Гленмарк Импэкс', 0),
(245, 40, 3, 'Микромир', 0),
(246, 40, 3, 'Атлантик(только вложение)', 1),
(247, 40, 3, 'Оболенское', 0),
(248, 40, 3, 'Нестле', 0),
(249, 40, 3, 'Алкалойд-Рус (стенд)', 0),
(250, 40, 3, 'Нутриция', 0),
(251, 41, 2, 'Астеллас Фарма', 0),
(252, 41, 3, 'Бионорика', 0),
(253, 41, 3, 'Обновление', 0),
(254, 41, 3, 'Микромир', 0),
(255, 41, 3, 'Оболенское', 1),
(256, 42, 2, 'Дельта Медикел', 0),
(257, 43, 1, 'Нутриция', 0),
(258, 43, 3, 'Босналек', 0),
(259, 43, 3, 'Астеллас Фарма', 1),
(260, 43, 1, 'Астеллас Фарма', 0),
(261, 45, 2, 'Астеллас Фарма', 0),
(262, 45, 3, 'Материа Медика Холдинг', 0),
(263, 45, 3, 'Бионорика', 0),
(264, 45, 3, 'Отисифарм Только лекция', 0),
(265, 45, 2, 'Акрихин', 0),
(266, 45, 3, 'Тева', 0),
(267, 45, 3, 'Гленмарк Импэкс', 0),
(268, 45, 3, 'Микромир', 0),
(269, 45, 3, 'Атлантик(только вложение)', 1),
(270, 45, 3, 'Нутриция', 0),
(271, 46, 2, 'Астеллас Фарма', 0),
(272, 46, 3, 'Босналек', 0),
(273, 46, 3, 'Бионорика', 0),
(274, 46, 3, 'Материа Медика Холдинг', 1),
(275, 46, 3, 'Рекордати ?', 1),
(276, 46, 3, 'Гленмарк Импэкс', 0),
(277, 46, 3, 'Вертекс', 0),
(278, 46, 3, 'Оболенское', 0),
(279, 47, 2, 'Астеллас Фарма', 0),
(280, 47, 3, 'Материа Медика Холдинг', 0),
(281, 47, 3, 'Бионорика', 0),
(282, 47, 3, 'Кампина (Фрисо)', 0),
(283, 47, 3, 'Фармамед', 0),
(284, 47, 3, 'Кабрита', 0),
(285, 47, 3, 'Отисифарм', 0),
(286, 47, 3, 'Дельта Медикел', 0),
(287, 47, 3, 'Акрихин', 1),
(288, 47, 2, 'Акрихин', 0),
(289, 47, 3, 'Юник', 0),
(290, 47, 3, 'Буарон', 0),
(291, 47, 1, 'Гедеон Рихтер', 0),
(292, 47, 3, 'Тева', 0),
(293, 47, 3, 'Гленмарк Импэкс', 0),
(294, 47, 3, 'Оболенское', 0),
(295, 47, 3, 'Нестле', 0),
(296, 47, 3, 'Алкалойд-Рус (стенд)', 0),
(297, 47, 3, 'Атлантик(только вложение)', 1),
(298, 47, 3, 'Нутриция', 0),
(299, 48, 2, 'Астеллас Фарма', 0),
(300, 48, 3, 'Бионорика', 0),
(301, 48, 3, 'Оболенское', 1),
(302, 50, 2, 'Бибиколь', 0),
(303, 52, 2, 'Акрихин', 0),
(304, 55, 1, 'Астеллас Фарма', 0),
(305, 55, 3, 'Хироу рус', 1),
(306, 57, 2, 'Астеллас Фарма', 0),
(307, 57, 3, 'Босналек', 1),
(308, 57, 3, 'Материа Медика Холдинг', 0),
(309, 57, 3, 'Фармамед', 0),
(310, 57, 3, 'Сандоз', 0),
(311, 57, 3, 'Хеель', 1),
(312, 57, 3, 'Отисифарм', 0),
(313, 57, 2, 'Акрихин', 0),
(314, 57, 3, 'Эбботт', 0),
(315, 57, 3, 'Буарон', 0),
(316, 57, 3, 'Бибиколь', 0),
(317, 57, 1, 'Штада', 1),
(318, 57, 3, 'Гленмарк Импэкс', 0),
(319, 57, 3, 'Микромир', 0),
(320, 57, 3, 'Атлантик(только вложение)', 1),
(321, 57, 3, 'Оболенское', 0),
(322, 57, 3, 'Алкалойд-Рус (стенд)', 0),
(323, 58, 3, 'Астеллас Фарма', 1),
(324, 58, 2, 'Астеллас Фарма', 0),
(325, 58, 3, 'Микромир', 1),
(326, 59, 2, 'Астеллас Фарма', 0),
(327, 59, 3, 'Материа Медика Холдинг', 0),
(328, 59, 2, 'Акрихин', 0),
(329, 59, 3, 'Гленмарк Импэкс', 0),
(330, 59, 3, 'Отисифарм', 0),
(331, 59, 3, 'Атлантик(только вложение)', 1),
(332, 60, 2, 'Астеллас Фарма', 0),
(333, 60, 3, 'Босналек', 0),
(334, 60, 3, 'Бионорика', 0),
(335, 60, 3, 'Рекордати ?', 1),
(336, 60, 3, 'Гленмарк Импэкс', 0),
(337, 60, 3, 'Микромир', 0),
(338, 60, 3, 'Микромир', 1),
(339, 62, 2, 'Астеллас Фарма', 0),
(340, 62, 3, 'Материа Медика Холдинг', 0),
(341, 62, 3, 'Бионорика', 0),
(342, 62, 3, 'Кампина (Фрисо)', 0),
(343, 62, 1, 'Хеель', 0),
(344, 62, 3, 'Отисифарм', 0),
(345, 62, 2, 'Акрихин', 1),
(346, 62, 3, 'Юник ???', 1),
(347, 62, 3, 'Гленмарк Импэкс', 0),
(348, 62, 3, 'Атлантик(только вложение)', 1),
(349, 62, 3, 'Алкалойд-Рус (стенд)', 0),
(350, 62, 2, 'Акрихин Без Вит Д', 0),
(351, 63, 2, 'Астеллас Фарма', 0),
(352, 63, 3, 'Материа Медика Холдинг', 1),
(353, 63, 3, 'Обновление', 0),
(354, 63, 3, 'Микромир', 0),
(355, 63, 3, 'Оболенское', 0),
(356, 64, 2, 'Астеллас Фарма', 0),
(357, 64, 3, 'Босналек', 1),
(358, 64, 3, 'Материа Медика Холдинг', 0),
(359, 64, 3, 'Бионорика', 0),
(360, 64, 3, 'Дельта Медикел', 1),
(361, 64, 3, 'Фармамед', 0),
(362, 64, 3, 'Сандоз', 0),
(363, 64, 1, 'Хеель', 0),
(364, 64, 2, 'Акрихин', 0),
(365, 64, 3, 'Юник', 0),
(366, 64, 3, 'Эбботт', 0),
(367, 64, 3, 'Ферон', 1),
(368, 64, 3, 'Буарон', 0),
(369, 64, 3, 'Бибиколь', 0),
(370, 64, 3, 'Гедеон Рихтер', 1),
(371, 64, 1, 'Гедеон Рихтер', 0),
(372, 64, 1, 'Штада', 1),
(373, 64, 3, 'Гленмарк Импэкс', 0),
(374, 64, 3, 'Микромир', 0),
(375, 64, 3, 'Атлантик(только вложение)', 1),
(376, 64, 3, 'Оболенское', 0),
(377, 64, 3, 'Нестле', 0),
(378, 64, 3, 'Алкалойд-Рус (стенд)', 0),
(379, 64, 3, 'Нутриция', 0),
(380, 65, 2, 'Астеллас Фарма', 0),
(381, 65, 3, 'Обновление', 0),
(382, 65, 3, 'Микромир', 1),
(383, 65, 3, 'Оболенское', 1),
(384, 66, 2, 'Астеллас Фарма', 0),
(385, 66, 3, 'Материа Медика Холдинг', 0),
(386, 66, 1, 'Хеель', 0),
(387, 66, 2, 'Акрихин', 0),
(388, 66, 3, 'Микромир', 0),
(389, 66, 3, 'Атлантик(только вложение)', 1),
(390, 68, 2, 'Акрихин', 0),
(391, 69, 2, 'Астеллас Фарма', 0),
(392, 69, 3, 'Материа Медика Холдинг', 0),
(393, 69, 3, 'Сандоз', 0),
(394, 69, 1, 'Хеель', 1),
(395, 69, 3, 'Отисифарм', 0),
(396, 69, 2, 'Акрихин', 0),
(397, 69, 3, 'Фрутоняня', 0),
(398, 69, 3, 'Тева', 0),
(399, 69, 3, 'Гленмарк Импэкс', 0),
(400, 69, 3, 'Атлантик(только вложение)', 1),
(401, 69, 3, 'Алкалойд-Рус (стенд)', 0),
(402, 70, 2, 'Астеллас Фарма', 0),
(403, 70, 3, 'Материа Медика Холдинг', 0),
(404, 70, 3, 'Дельта Медикел', 1),
(405, 70, 3, 'Фармамед', 0),
(406, 70, 3, 'Кабрита', 0),
(407, 70, 3, 'Сандоз', 0),
(408, 70, 1, 'Хеель', 1),
(409, 70, 3, 'Отисифарм', 0),
(410, 70, 2, 'Акрихин', 0),
(411, 70, 3, 'Эбботт', 0),
(412, 70, 3, 'Буарон', 0),
(413, 70, 1, 'Гедеон Рихтер', 0),
(414, 70, 3, 'Тева', 0),
(415, 70, 3, 'Гленмарк Импэкс', 0),
(416, 70, 3, 'Атлантик(только вложение)', 1),
(417, 70, 3, 'Оболенское', 0),
(418, 70, 3, 'Алкалойд-Рус (стенд)', 0),
(419, 70, 3, 'Юник', 1),
(420, 71, 2, 'Акрихин', 0),
(421, 72, 2, 'Астеллас Фарма', 0),
(422, 72, 3, 'Бионорика', 0),
(423, 72, 3, 'Оболенское', 1),
(424, 57, 1, 'Хеель', 0),
(425, 73, 2, 'Астеллас Фарма', 0),
(426, 73, 3, 'Вертекс', 0),
(427, 73, 3, 'Материа Медика Холдинг', 1),
(428, 73, 3, 'Гленмарк Импэкс', 0),
(429, 73, 3, 'Микромир', 0),
(430, 73, 3, 'Оболенское', 0),
(431, 75, 3, 'Материа Медика Холдинг', 0),
(432, 76, 1, 'Астеллас Фарма', 0),
(433, 76, 3, 'Гриппферон', 1),
(434, 76, 3, 'Гедеон Рихтер', 0),
(435, 78, 2, 'Астеллас Фарма', 0),
(436, 78, 3, 'Материа Медика Холдинг', 0),
(437, 78, 3, 'Бионорика', 0),
(438, 78, 1, 'Хеель', 1),
(439, 78, 3, 'Отисифарм Только лекция', 0),
(440, 78, 2, 'Акрихин', 0),
(441, 78, 3, 'Фрутоняня', 0),
(442, 78, 3, 'Буарон', 0),
(443, 78, 3, 'Тева', 0),
(444, 78, 3, 'Гленмарк Импэкс', 0),
(445, 78, 3, 'Атлантик(только вложение)', 1),
(446, 78, 3, 'Алкалойд-Рус (стенд)', 0),
(447, 79, 2, 'Астеллас Фарма', 0),
(448, 79, 3, 'Бионорика', 0),
(449, 79, 3, 'Обновление', 1),
(450, 80, 2, 'Астеллас Фарма', 0),
(451, 80, 2, 'Астеллас Фарма', 1),
(452, 80, 3, 'Материа Медика Холдинг', 0),
(453, 80, 3, 'Бионорика', 0),
(454, 80, 1, 'Хеель', 1),
(455, 80, 2, 'Акрихин', 0),
(456, 80, 3, 'Ферон', 1),
(457, 80, 3, 'Буарон', 0),
(458, 80, 3, 'Гедеон Рихтер', 1),
(459, 80, 1, 'Гедеон Рихтер', 0),
(460, 80, 3, 'Гленмарк Импэкс', 0),
(461, 80, 3, 'Атлантик(только вложение)', 1),
(462, 80, 3, 'Алкалойд-Рус (стенд)', 0),
(463, 80, 3, 'Нутриция', 0),
(464, 81, 2, 'Астеллас Фарма', 0),
(465, 81, 3, 'Обновление', 0),
(466, 88, 2, 'Акрихин', 0),
(467, 83, 2, 'Астеллас Фарма', 0),
(468, 83, 3, 'Материа Медика Холдинг', 0),
(469, 83, 2, 'Акрихин', 0),
(470, 83, 3, 'Гленмарк Импэкс', 0),
(471, 83, 3, 'Атлантик(только вложение)', 1),
(472, 83, 3, 'Юник', 1),
(473, 84, 2, 'Астеллас Фарма', 0),
(474, 84, 3, 'Бионорика', 0),
(475, 85, 2, 'Астеллас Фарма', 0),
(476, 85, 3, 'Материа Медика Холдинг', 0),
(477, 85, 3, 'Бионорика', 0),
(478, 85, 2, 'Акрихин', 0),
(479, 85, 3, 'Гленмарк Импэкс', 0),
(480, 85, 3, 'Атлантик(только вложение)', 1),
(481, 85, 3, 'Алкалойд-Рус (стенд)', 0),
(482, 85, 3, 'Нутриция', 1),
(483, 86, 2, 'Астеллас Фарма', 0),
(484, 86, 3, 'Обновление', 0),
(485, 90, 3, 'Сервье', 0),
(486, 91, 3, 'Сервье', 0),
(487, 92, 3, 'Сервье', 0),
(488, 93, 3, 'Сервье', 0),
(489, 94, 3, 'Сервье', 0),
(490, 95, 3, 'Сервье', 0),
(491, 76, 3, 'Материа Медика Холдинг', 0),
(492, 76, 3, 'Бионорика', 0),
(493, 75, 3, 'Беллакт', 0),
(494, 25, 3, 'Байер', 0),
(495, 27, 3, 'Байер', 0),
(496, 30, 3, 'Байер', 0),
(497, 40, 3, 'Байер', 0),
(498, 47, 3, 'Байер', 0),
(499, 64, 3, 'Байер', 0),
(500, 70, 3, 'Байер', 0),
(501, 80, 3, 'Байер', 0),
(502, 83, 3, 'Байер', 0),
(503, 85, 3, 'Байер', 0),
(504, 20, 3, 'Мулан', 0),
(505, 20, 3, 'Лореаль ???', 1),
(506, 20, 3, 'Веледа ???', 1),
(507, 25, 3, 'Мулан ФОТО', 0),
(508, 27, 3, 'Мулан ФОТО', 0),
(509, 30, 3, 'Мулан ФОТО', 0),
(510, 32, 3, 'Мулан', 0),
(511, 38, 3, 'Мулан ФОТО', 0),
(512, 40, 3, 'Мулан ФОТО', 0),
(513, 45, 3, 'Мулан ФОТО', 0),
(514, 47, 3, 'Мулан ФОТО', 0),
(515, 57, 3, 'Мулан ФОТО', 0),
(516, 59, 3, 'Мулан', 0),
(517, 62, 3, 'Мулан', 0),
(518, 64, 3, 'Мулан', 0),
(519, 66, 3, 'Мулан', 0),
(520, 69, 3, 'Мулан', 0),
(521, 70, 3, 'Мулан', 0),
(522, 78, 3, 'Мулан ФОТО', 0),
(523, 80, 3, 'Мулан ФОТО', 0),
(524, 83, 3, 'Мулан', 0),
(525, 85, 3, 'Мулан ФОТО', 0),
(526, 20, 3, 'Сандоз ?', 1),
(527, 83, 3, 'Сандоз', 0),
(528, 35, 2, 'Акрихин Без Вит Д', 0),
(529, 35, 3, 'Мулан', 0),
(530, 35, 3, 'Медице ????', 1),
(531, 20, 3, 'Такеда', 0),
(532, 22, 2, 'Нестле', 0),
(533, 26, 3, 'Рекордати ', 0),
(534, 30, 3, 'Бионорика', 0),
(535, 46, 3, 'Хеель', 0),
(536, 60, 3, 'Хеель', 0),
(537, 73, 3, 'Хеель', 1),
(538, 20, 3, 'Сандоз', 1),
(539, 55, 3, 'Нестле Лекция как Главный', 0),
(540, 100, 2, 'Астеллас Фарма', 0),
(541, 35, 3, 'Нестле Лекция как Главный', 0),
(542, 20, 3, 'Веледа', 1),
(543, 35, 3, 'Доктор Вильмар Швабе', 0),
(544, 20, 1, 'Веледа', 0),
(545, 46, 3, 'Рекордати ', 0),
(546, 20, 3, 'Нутриция', 0),
(547, 31, 3, 'Медице без выставки', 1),
(548, 33, 3, 'Рекордати ', 0),
(549, 33, 3, 'Медице без выставки', 0),
(550, 39, 3, 'Медице без выставки', 0),
(551, 46, 3, 'Медице без выставки', 0),
(552, 60, 3, 'Медице без выставки', 0),
(553, 63, 3, 'Медице без выставки', 0),
(554, 73, 3, 'Медице без выставки', 0),
(555, 31, 3, 'Медице с выставкой', 0),
(556, 39, 3, 'Рекордати ?', 1),
(557, 39, 3, 'Замбон', 0),
(558, 60, 3, 'Замбон', 0),
(559, 63, 3, 'Замбон', 0),
(560, 73, 3, 'Замбон', 0),
(561, 54, 2, 'Гленмарк Импэкс', 0),
(562, 102, 2, 'Гленмарк Импэкс', 0),
(563, 39, 3, 'Рекордати ', 0),
(564, 35, 3, 'Нутриция', 0),
(565, 38, 3, 'Атлантик(только вложение)', 0),
(566, 40, 3, 'Атлантик(только вложение)', 0),
(567, 45, 3, 'Атлантик(только вложение)', 0),
(568, 47, 3, 'Атлантик(только вложение)', 0),
(569, 90, 3, 'Мерц', 1),
(570, 92, 3, 'Мерц', 1),
(571, 93, 3, 'Мерц', 1),
(572, 94, 1, 'Мерц', 0),
(573, 92, 1, 'Мерц', 0),
(574, 93, 1, 'Мерц', 0),
(575, 90, 1, 'Мерц', 0),
(576, 55, 3, 'Анджелини', 0),
(577, 111, 3, 'Босналек', 0),
(578, 62, 3, 'Нестле', 0),
(579, 70, 3, 'Анджелини', 0),
(580, 58, 3, 'Рекордати бонус', 0),
(581, 72, 3, 'Рекордати бонус', 0),
(582, 72, 3, 'Оболенское ? Бонус', 1),
(583, 76, 3, 'Анджелини', 0),
(584, 84, 3, 'Обновление', 0),
(585, 72, 3, 'Оболенское Бонус', 0),
(586, 63, 3, 'Буарон', 0),
(587, 65, 3, 'Буарон', 0),
(588, 79, 3, 'Буарон', 0),
(589, 81, 3, 'Буарон', 0),
(590, 97, 3, 'Би Браун', 0),
(591, 97, 3, 'Медтроник', 0),
(592, 97, 3, 'Cto Congress', 0),
(593, 97, 3, 'Ферон', 0),
(594, 55, 3, 'Дельта Медикел только модуль', 0),
(595, 76, 3, 'Дельта Медикел только модуль', 1),
(596, 76, 3, 'Мулан', 0),
(597, 76, 2, 'Оболенское', 0),
(598, 76, 3, 'Дельта Медикел только модуль', 0);

-- --------------------------------------------------------

--
-- Table structure for table `sponsor_type`
--

CREATE TABLE IF NOT EXISTS `sponsor_type` (
  `id` int(11) NOT NULL AUTO_INCREMENT,
  `name` varchar(255) NOT NULL,
  `is_deleted` tinyint(1) NOT NULL DEFAULT '0',
  PRIMARY KEY (`id`)
) ENGINE=InnoDB  DEFAULT CHARSET=utf8 AUTO_INCREMENT=4 ;

--
-- Dumping data for table `sponsor_type`
--

INSERT INTO `sponsor_type` (`id`, `name`, `is_deleted`) VALUES
(1, 'Главный', 0),
(2, 'Генеральный', 0),
(3, 'Партнер', 0);

-- --------------------------------------------------------

--
-- Table structure for table `user`
--

CREATE TABLE IF NOT EXISTS `user` (
  `id` int(11) NOT NULL AUTO_INCREMENT,
  `email` varchar(200) NOT NULL,
  `first_name` varchar(100) NOT NULL,
  `last_name` varchar(100) NOT NULL,
  `password_hash` text NOT NULL,
  `password_reset_token` text,
  `auth_key` text NOT NULL,
  `role_id` tinyint(1) NOT NULL DEFAULT '1',
  `created_at` int(11) NOT NULL,
  `updated_at` int(11) NOT NULL,
  `is_deleted` tinyint(1) NOT NULL DEFAULT '0',
  PRIMARY KEY (`id`),
  UNIQUE KEY `email` (`email`),
  KEY `role_id` (`role_id`)
) ENGINE=InnoDB  DEFAULT CHARSET=utf8 AUTO_INCREMENT=16 ;

--
-- Dumping data for table `user`
--

INSERT INTO `user` (`id`, `email`, `first_name`, `last_name`, `password_hash`, `password_reset_token`, `auth_key`, `role_id`, `created_at`, `updated_at`, `is_deleted`) VALUES
(1, 'plazahotel@ya.ru', 'Николай', 'Грачев', '$2y$13$c6..8Yp9E9IFrUEQAXrvremgHHnbj0mW5ngqo3Yz3yWBrR2i6A7L6', NULL, 'PYLxf7RzOzt6Tc3tSLSIB4flOBMOry6Z', 2, 1555874190, 1556056577, 0),
(2, 'nvlasova@example-triton.com', 'Надежда', 'Власова', '$2y$13$pUNjvIsShkii5YojQcvImebCbQPpfBKS9TDp41n7wo5RT5h12yEFO', NULL, 'OVVW5ixc0Ut3jzqhu8WUTTSXBaLyZwD6', 1, 1556183679, 1556183679, 0),
(3, 'maria.vlasova@example-triton.com', 'Мария', 'Власова', '$2y$13$5JK0ZnHneGm1zy/UL..G5O5Bf21x9pO3SXieYhwP6C/n/VMl2UKCu', NULL, '8oRNy5RX7nLHGdQN-CGX_ferApqlpmCY', 1, 1556183731, 1556183731, 0),
(4, 'mkolodina@example-triton.com', 'Мария', 'Колодина', '$2y$13$xAbOjDe9TgIMrWZReXRgw.GZCqttv.WbQJ/.nhqaAM.QeP46eLdKG', NULL, '0mRvGDjTkCOOe-OLBXYu421L8bqvYujq', 1, 1556183839, 1556183839, 0),
(5, 'kkravcova@example-triton.com', 'Кристина', 'Селезнева', '$2y$13$VI6JQyMfeZvRS5KYeGpwvOJq0o/6mFFfHqlSNqSdsSCu9bXMF/Hhu', NULL, 't5Kb9zctDXwasQ8ubXPD7AthSYqDL5E5', 1, 1556183907, 1556183907, 0),
(6, 'kseleznev@example-triton.com', 'Константин', 'Селезнев', '$2y$13$X0UxSXKHQoPYstdeCQE83e5RP5JLkIwjQYgzNjqWgj6fI3wiR2R6u', 'y2C8eXawgXSl0FpDuh15Rt5Mx4W_vhPS_1556191083', '5eiHX9xz1U1hPhBV9m7OJ5qDWgQBN0pg', 1, 1556183952, 1558614387, 0),
(7, 'opavlenko@example-triton.com', 'Оксана', 'Павленко', '$2y$13$ZBXRUdeiX20EOhHXhl5qb.Vv85hcNgOfxpMv.zbWl2e80G1pTJO0.', NULL, 'EjbiePfagiyMmjNj2Qn9LRyKfU7mfDSt', 1, 1556184010, 1556184010, 0),
(8, 'oryabikina@example-triton.com', 'Оксана', 'Рябикина', '$2y$13$uvk4EVR3yCGgiArTLngQtuEN1NvfVYHfaGg0VnNPSgb.iMFizlWdO', NULL, '1D9N3iy1wTZnWbKi-ouS7Bps6qCMKdil', 1, 1556184077, 1557920780, 0),
(9, 'vsidorov@example-triton.com', 'Владислав', 'Сидоров', '$2y$13$BEyfL09Ogv1Md3JdyOpkjeo0kDCmE430CiitUR7VhZRWYJYO9n.Oy', NULL, '2AcEXdYrB2XWL9fMhw0X5CpQKkag5on9', 2, 1556184118, 1556184393, 0),
(10, 'usidorova@example-triton.com', 'Юлия', 'Сидорова', '$2y$13$uMiDHWUdVwRxnNgaku/o4ueSetT7vu17G94cT1cxPvfoN/POvici2', NULL, 'ie97pRlPrlUiq9wdKpVlJuLVsuQOr1A-', 1, 1556184211, 1556184211, 0),
(11, 'vmoshin@example-triton.com', 'Валерий', 'Мошин', '$2y$13$eN.XViMtzB1VBB3O.Q4psehdnNAu5K85r8LTfiWVbQOrpV7fu4.Iu', NULL, '9-sYlLWhd1PbtcZafj2HwreeuMa4olXk', 1, 1556184251, 1556184251, 0),
(12, 'milin@example-triton.com', 'Максим', 'Ильин', '$2y$13$hQAfwxu661auCc2E88e/0.xyY3QtB3Jl84KwGoN.XTUOf4.pJC7MK', NULL, 'g1ojojH3bHIrJfmOXrnn0zlkfEsyNKQ1', 1, 1556184302, 1556184302, 0),
(13, 'oanosova@example-triton.com', 'Ольга', 'Аносова', '$2y$13$mq1nQ1xvt43IvqL9hjFiY.Au.NtMUpMgMpginZd5cVc7qdTislQki', NULL, '6d01l1k0nICXDzDAj7zcCt_bgL-GVCrq', 1, 1556184342, 1559738927, 0),
(14, 'amatiu@example-triton.com', 'Александр', 'Матий', '$2y$13$66oKZVonc81mzzwtbtd9tuHH7ac9/r05UAkheL9.8dPCqhmXiVfTu', NULL, 'Fy4izvC80UFr9VpmzNwe4wERXt9OSi5c', 2, 1556184378, 1556184412, 0),
(15, 'chelentashe4ka@gmail.com', 'Оксана', 'Михеева', '$2y$13$beOfk1YJjv81CtWP3k9tyu9cTit38LvfED7slFkKVzh6Dsem8fndO', NULL, '92jbvZd4g36aHMQsZULKsPRYnziRcrOf', 1, 1556184646, 1556193533, 0);

-- --------------------------------------------------------

--
-- Table structure for table `user_role`
--

CREATE TABLE IF NOT EXISTS `user_role` (
  `id` tinyint(1) NOT NULL AUTO_INCREMENT,
  `name` varchar(50) NOT NULL,
  PRIMARY KEY (`id`)
) ENGINE=InnoDB  DEFAULT CHARSET=utf8 AUTO_INCREMENT=3 ;

--
-- Dumping data for table `user_role`
--

INSERT INTO `user_role` (`id`, `name`) VALUES
(1, 'Польз.'),
(2, 'Админ');

-- --------------------------------------------------------

--
-- Table structure for table `webinar_fields`
--

CREATE TABLE IF NOT EXISTS `webinar_fields` (
  `id` int(11) NOT NULL AUTO_INCREMENT,
  `type_id` int(11) NOT NULL,
  `name` varchar(100) NOT NULL,
  `options` text,
  `has_comment` tinyint(1) NOT NULL DEFAULT '0',
  `position` int(11) NOT NULL,
  `is_deleted` tinyint(1) NOT NULL DEFAULT '0',
  PRIMARY KEY (`id`),
  KEY `type_id` (`type_id`)
) ENGINE=InnoDB  DEFAULT CHARSET=utf8 AUTO_INCREMENT=10 ;

--
-- Dumping data for table `webinar_fields`
--

INSERT INTO `webinar_fields` (`id`, `type_id`, `name`, `options`, `has_comment`, `position`, `is_deleted`) VALUES
(1, 5, 'Дата', NULL, 0, 1, 1),
(2, 1, 'Название', NULL, 0, 2, 1),
(3, 3, 'Рассылка', '{"1":"Да","2":"Нет"}', 0, 3, 0),
(4, 3, 'Съемка', '{"1":"Да","2":"Нет"}', 1, 4, 0),
(5, 3, 'Материалы от спонсора', '{"1":"Да","2":"Нет"}', 1, 5, 0),
(6, 3, 'Озвучка', '{"1":"Да","2":"Нет"}', 1, 6, 0),
(7, 3, 'Видео', '{"1":"Да","2":"Нет"}', 1, 7, 0),
(8, 4, 'Файл', '', 1, 9, 1),
(9, 3, 'Оплачен', '{"1":"Да","2":"Нет"}', 1, 8, 0);

-- --------------------------------------------------------

--
-- Table structure for table `webinar_info`
--

CREATE TABLE IF NOT EXISTS `webinar_info` (
  `id` int(11) NOT NULL AUTO_INCREMENT,
  `webinar_id` int(11) NOT NULL,
  `field_id` int(11) NOT NULL,
  `value` varchar(300) DEFAULT NULL,
  `comment` varchar(300) DEFAULT NULL,
  PRIMARY KEY (`id`),
  KEY `event_id` (`webinar_id`),
  KEY `field_id` (`field_id`)
) ENGINE=InnoDB  DEFAULT CHARSET=utf8 AUTO_INCREMENT=5 ;

--
-- Dumping data for table `webinar_info`
--

INSERT INTO `webinar_info` (`id`, `webinar_id`, `field_id`, `value`, `comment`) VALUES
(4, 2, 4, 'Нет', 'Тест');

--
-- Constraints for dumped tables
--

--
-- Constraints for table `event`
--
ALTER TABLE `event`
  ADD CONSTRAINT `event_ibfk_1` FOREIGN KEY (`city_id`) REFERENCES `city` (`id`) ON DELETE NO ACTION ON UPDATE NO ACTION,
  ADD CONSTRAINT `event_ibfk_2` FOREIGN KEY (`category_id`) REFERENCES `event_category` (`id`),
  ADD CONSTRAINT `event_ibfk_3` FOREIGN KEY (`type_id`) REFERENCES `event_type` (`id`);

--
-- Constraints for table `event_info`
--
ALTER TABLE `event_info`
  ADD CONSTRAINT `event_info_ibfk_1` FOREIGN KEY (`event_id`) REFERENCES `event` (`id`) ON DELETE NO ACTION ON UPDATE NO ACTION,
  ADD CONSTRAINT `event_info_ibfk_2` FOREIGN KEY (`field_id`) REFERENCES `info_fields` (`id`) ON DELETE NO ACTION ON UPDATE NO ACTION;

--
-- Constraints for table `event_ticket`
--
ALTER TABLE `event_ticket`
  ADD CONSTRAINT `event_ticket_ibfk_1` FOREIGN KEY (`event_id`) REFERENCES `event` (`id`);

--
-- Constraints for table `finance_info`
--
ALTER TABLE `finance_info`
  ADD CONSTRAINT `finance_info_ibfk_1` FOREIGN KEY (`type_id`) REFERENCES `finance_fields` (`id`),
  ADD CONSTRAINT `finance_info_ibfk_2` FOREIGN KEY (`event_id`) REFERENCES `event` (`id`);

--
-- Constraints for table `info_fields`
--
ALTER TABLE `info_fields`
  ADD CONSTRAINT `info_fields_ibfk_1` FOREIGN KEY (`type_id`) REFERENCES `field_type` (`id`);

--
-- Constraints for table `logistic_info`
--
ALTER TABLE `logistic_info`
  ADD CONSTRAINT `logistic_info_ibfk_1` FOREIGN KEY (`event_id`) REFERENCES `event` (`id`),
  ADD CONSTRAINT `logistic_info_ibfk_2` FOREIGN KEY (`type_id`) REFERENCES `logistic_fields` (`id`),
  ADD CONSTRAINT `logistic_info_ibfk_3` FOREIGN KEY (`between_means`) REFERENCES `logistic_means` (`id`),
  ADD CONSTRAINT `logistic_info_ibfk_4` FOREIGN KEY (`home_means`) REFERENCES `logistic_means` (`id`),
  ADD CONSTRAINT `logistic_info_ibfk_5` FOREIGN KEY (`to_means`) REFERENCES `logistic_means` (`id`);

--
-- Constraints for table `mossem_fields`
--
ALTER TABLE `mossem_fields`
  ADD CONSTRAINT `mossem_fields_ibfk_1` FOREIGN KEY (`type_id`) REFERENCES `field_type` (`id`);

--
-- Constraints for table `sponsor_info`
--
ALTER TABLE `sponsor_info`
  ADD CONSTRAINT `sponsor_info_ibfk_1` FOREIGN KEY (`event_id`) REFERENCES `event` (`id`),
  ADD CONSTRAINT `sponsor_info_ibfk_2` FOREIGN KEY (`type_id`) REFERENCES `sponsor_type` (`id`);

--
-- Constraints for table `user`
--
ALTER TABLE `user`
  ADD CONSTRAINT `user_ibfk_1` FOREIGN KEY (`role_id`) REFERENCES `user_role` (`id`);

--
-- Constraints for table `webinar_fields`
--
ALTER TABLE `webinar_fields`
  ADD CONSTRAINT `webinar_fields_ibfk_1` FOREIGN KEY (`type_id`) REFERENCES `field_type` (`id`);

--
-- Constraints for table `webinar_info`
--
ALTER TABLE `webinar_info`
  ADD CONSTRAINT `webinar_info_ibfk_1` FOREIGN KEY (`webinar_id`) REFERENCES `event` (`id`),
  ADD CONSTRAINT `webinar_info_ibfk_2` FOREIGN KEY (`field_id`) REFERENCES `webinar_fields` (`id`);

/*!40101 SET CHARACTER_SET_CLIENT=@OLD_CHARACTER_SET_CLIENT */;
/*!40101 SET CHARACTER_SET_RESULTS=@OLD_CHARACTER_SET_RESULTS */;
/*!40101 SET COLLATION_CONNECTION=@OLD_COLLATION_CONNECTION */;
